-- =============================================================================
-- Reset demo data for Zeno House - seeded from real Excel data
-- =============================================================================
-- Source files:
--   Cơ sở 1: Dot_01..Dot_06-2026_Nha_Tro_Thanh_Tung.xls
--   Cơ sở 2: Dot_01..Dot_06-2026_Nha_Tro_Thanh_Tung_1.xls
-- Demo period:
--   Previous readings: 2026-05
--   Current workspace: 2026-06
-- Notes:
--   Electricity rate inferred from Excel: 3,500 VND/kWh
--   Water rate inferred from Excel: 14,000 VND/m3
--   Excel column 'Tiền khác' is mapped to contract service 'other'.
-- =============================================================================

BEGIN;

-- -----------------------------------------------------------------------------
-- Required schema guard
-- -----------------------------------------------------------------------------
DO $$
DECLARE
  v_missing text[];
BEGIN
  SELECT array_agg(table_name ORDER BY table_name)
  INTO v_missing
  FROM (
    VALUES ('billing_audit_events'),
      ('invoice_payments'),
      ('invoice_charges'),
      ('invoices'),
      ('billing_utility_usages'),
      ('billing_periods'),
      ('meter_readings'),
      ('contract_services'),
      ('building_services'),
      ('contract_payments'),
      ('contract_renewals'),
      ('contract_occupants'),
      ('contracts'),
      ('rooms'),
      ('tenants'),
      ('buildings'),
      ('service_catalog')
  ) AS required(table_name)
  WHERE to_regclass('public.' || required.table_name) IS NULL;

  IF v_missing IS NOT NULL THEN
    RAISE EXCEPTION
      'Missing required tables: %. Apply the project migrations/manual Supabase SQL before running this seed.',
      array_to_string(v_missing, ', ');
  END IF;
END $$;

-- -----------------------------------------------------------------------------
-- Wipe app data
-- -----------------------------------------------------------------------------
TRUNCATE TABLE
  public.billing_audit_events,
  public.invoice_payments,
  public.invoice_charges,
  public.invoices,
  public.billing_utility_usages,
  public.billing_periods,
  public.meter_readings,
  public.contract_services,
  public.building_services,
  public.contract_payments,
  public.contract_renewals,
  public.contract_occupants,
  public.contracts,
  public.rooms,
  public.tenants,
  public.buildings,
  public.service_catalog
RESTART IDENTITY CASCADE;

-- -----------------------------------------------------------------------------
-- Catalog
-- -----------------------------------------------------------------------------
INSERT INTO public.service_catalog (id, code, name, pricing_type, unit, sort_order)
VALUES
  ('10000000-0000-4000-8000-000000000001', 'internet', 'Internet', 'fixed_per_room', NULL, 1),
  ('10000000-0000-4000-8000-000000000002', 'garbage', 'Garbage', 'per_person', 'person', 2),
  ('10000000-0000-4000-8000-000000000003', 'parking_motorbike', 'Motorbike park', 'per_vehicle', 'bike', 3),
  ('10000000-0000-4000-8000-000000000004', 'parking_bicycle', 'Bicycle park', 'per_vehicle', 'bike', 4),
  ('10000000-0000-4000-8000-000000000005', 'cleaning', 'Cleaning', 'fixed_per_room', NULL, 5),
  ('10000000-0000-4000-8000-000000000006', 'elevator', 'Elevator', 'per_person', 'person', 6),
  ('10000000-0000-4000-8000-000000000007', 'surcharge', 'Surcharge', 'fixed_per_room', NULL, 7),
  ('10000000-0000-4000-8000-000000000008', 'other', 'Other', 'fixed_per_room', NULL, 8);

-- -----------------------------------------------------------------------------
-- Buildings
-- -----------------------------------------------------------------------------
INSERT INTO public.buildings (id, name, slug, code, address, description, status, owner_name, owner_phone, owner_email, electricity_pricing_type, default_electricity_rate, water_pricing_type, default_water_rate, meter_reading_day, billing_generation_day, payment_due_day, grace_period_days)
VALUES
  ('20000000-0000-4000-8000-000000000001', 'Nguyen Thanh Tung', 'nguyen-thanh-tung', 'nttt', 'Cơ sở 1 - dữ liệu import từ Excel 01-06/2026', 'Imported from real monthly Excel billing files 01-06/2026.', 'active', 'Nguyen Thanh Tung', NULL, NULL, 'per_kwh', 3500, 'per_m3', 14000, 27, 30, 5, 3),
  ('20000000-0000-4000-8000-000000000002', 'Nguyen Thanh Tung 1', 'nguyen-thanh-tung-1', 'nttt1', 'Cơ sở 2 - dữ liệu import từ Excel 01-06/2026', 'Imported from real monthly Excel billing files 01-06/2026.', 'active', 'Nguyen Thanh Tung', NULL, NULL, 'per_kwh', 3500, 'per_m3', 14000, 27, 30, 5, 3);

-- -----------------------------------------------------------------------------
-- Rooms
-- -----------------------------------------------------------------------------
INSERT INTO public.rooms (id, building_id, room_number, slug, code, floor, status, monthly_rent, area, description)
VALUES
  ('30000000-0000-4000-8000-000000001001', '20000000-0000-4000-8000-000000000001', 'K01', 'k01', 'nttt-k01', 1, 'occupied', 1800000, NULL, 'Imported from Excel. Latest total 06/2026: 2419500 VND.'),
  ('30000000-0000-4000-8000-000000001002', '20000000-0000-4000-8000-000000000001', 'P01', 'p01', 'nttt-p01', 1, 'occupied', 1300000, NULL, 'Imported from Excel. Latest total 06/2026: 1856000 VND.'),
  ('30000000-0000-4000-8000-000000001003', '20000000-0000-4000-8000-000000000001', 'P02', 'p02', 'nttt-p02', 1, 'occupied', 1300000, NULL, 'Imported from Excel. Latest total 06/2026: 1709500 VND.'),
  ('30000000-0000-4000-8000-000000001004', '20000000-0000-4000-8000-000000000001', 'P03', 'p03', 'nttt-p03', 1, 'occupied', 1300000, NULL, 'Imported from Excel. Latest total 06/2026: 1720000 VND.'),
  ('30000000-0000-4000-8000-000000001005', '20000000-0000-4000-8000-000000000001', 'P04', 'p04', 'nttt-p04', 1, 'occupied', 1300000, NULL, 'Imported from Excel. Latest total 06/2026: 1576500 VND.'),
  ('30000000-0000-4000-8000-000000001006', '20000000-0000-4000-8000-000000000001', 'P05', 'p05', 'nttt-p05', 1, 'occupied', 1300000, NULL, 'Imported from Excel. Latest total 06/2026: 1646000 VND.'),
  ('30000000-0000-4000-8000-000000001007', '20000000-0000-4000-8000-000000000001', 'P06', 'p06', 'nttt-p06', 1, 'occupied', 1300000, NULL, 'Imported from Excel. Latest total 06/2026: 1677500 VND.'),
  ('30000000-0000-4000-8000-000000001008', '20000000-0000-4000-8000-000000000001', 'P07', 'p07', 'nttt-p07', 1, 'occupied', 1300000, NULL, 'Imported from Excel. Latest total 06/2026: 1457500 VND.'),
  ('30000000-0000-4000-8000-000000001009', '20000000-0000-4000-8000-000000000001', 'P08', 'p08', 'nttt-p08', 1, 'occupied', 1300000, NULL, 'Imported from Excel. Latest total 06/2026: 1765000 VND.'),
  ('30000000-0000-4000-8000-000000001010', '20000000-0000-4000-8000-000000000001', 'P09', 'p09', 'nttt-p09', 1, 'occupied', 1300000, NULL, 'Imported from Excel. Latest total 06/2026: 2171500 VND.'),
  ('30000000-0000-4000-8000-000000001011', '20000000-0000-4000-8000-000000000001', 'P10', 'p10', 'nttt-p10', 1, 'occupied', 1300000, NULL, 'Imported from Excel. Latest total 06/2026: 1870000 VND.'),
  ('30000000-0000-4000-8000-000000001012', '20000000-0000-4000-8000-000000000001', 'P11', 'p11', 'nttt-p11', 1, 'occupied', 1300000, NULL, 'Imported from Excel. Latest total 06/2026: 2074000 VND.'),
  ('30000000-0000-4000-8000-000000001013', '20000000-0000-4000-8000-000000000001', 'P12', 'p12', 'nttt-p12', 1, 'occupied', 1300000, NULL, 'Imported from Excel. Latest total 06/2026: 1870500 VND.'),
  ('30000000-0000-4000-8000-000000001014', '20000000-0000-4000-8000-000000000001', 'P13', 'p13', 'nttt-p13', 1, 'occupied', 1300000, NULL, 'Imported from Excel. Latest total 06/2026: 2055500 VND.'),
  ('30000000-0000-4000-8000-000000002001', '20000000-0000-4000-8000-000000000002', 'P01', 'p01', 'nttt1-p01', 1, 'occupied', 1300000, NULL, 'Imported from Excel. Latest total 06/2026: 1965000 VND.'),
  ('30000000-0000-4000-8000-000000002002', '20000000-0000-4000-8000-000000000002', 'P02', 'p02', 'nttt1-p02', 1, 'occupied', 1300000, NULL, 'Imported from Excel. Latest total 06/2026: 1768500 VND.'),
  ('30000000-0000-4000-8000-000000002003', '20000000-0000-4000-8000-000000000002', 'P03', 'p03', 'nttt1-p03', 1, 'occupied', 1300000, NULL, 'Imported from Excel. Latest total 06/2026: 2095000 VND.'),
  ('30000000-0000-4000-8000-000000002004', '20000000-0000-4000-8000-000000000002', 'P04', 'p04', 'nttt1-p04', 1, 'occupied', 1300000, NULL, 'Imported from Excel. Latest total 06/2026: 1800500 VND.'),
  ('30000000-0000-4000-8000-000000002005', '20000000-0000-4000-8000-000000000002', 'P05', 'p05', 'nttt1-p05', 1, 'occupied', 1300000, NULL, 'Imported from Excel. Latest total 06/2026: 1611500 VND.'),
  ('30000000-0000-4000-8000-000000002006', '20000000-0000-4000-8000-000000000002', 'P06', 'p06', 'nttt1-p06', 1, 'occupied', 1300000, NULL, 'Imported from Excel. Latest total 06/2026: 1468000 VND.'),
  ('30000000-0000-4000-8000-000000002007', '20000000-0000-4000-8000-000000000002', 'P07', 'p07', 'nttt1-p07', 1, 'occupied', 1300000, NULL, 'Imported from Excel. Latest total 06/2026: 1432500 VND.'),
  ('30000000-0000-4000-8000-000000002008', '20000000-0000-4000-8000-000000000002', 'P08', 'p08', 'nttt1-p08', 1, 'occupied', 1300000, NULL, 'Imported from Excel. Latest total 06/2026: 1600500 VND.'),
  ('30000000-0000-4000-8000-000000002009', '20000000-0000-4000-8000-000000000002', 'P09', 'p09', 'nttt1-p09', 1, 'occupied', 1300000, NULL, 'Imported from Excel. Latest total 06/2026: 1674000 VND.'),
  ('30000000-0000-4000-8000-000000002010', '20000000-0000-4000-8000-000000000002', 'P10', 'p10', 'nttt1-p10', 1, 'occupied', 1300000, NULL, 'Imported from Excel. Latest total 06/2026: 1551500 VND.'),
  ('30000000-0000-4000-8000-000000002011', '20000000-0000-4000-8000-000000000002', 'P11', 'p11', 'nttt1-p11', 1, 'occupied', 1300000, NULL, 'Imported from Excel. Latest total 06/2026: 1702500 VND.'),
  ('30000000-0000-4000-8000-000000002012', '20000000-0000-4000-8000-000000000002', 'P12', 'p12', 'nttt1-p12', 1, 'occupied', 1300000, NULL, 'Imported from Excel. Latest total 06/2026: 1912500 VND.'),
  ('30000000-0000-4000-8000-000000002013', '20000000-0000-4000-8000-000000000002', 'P13', 'p13', 'nttt1-p13', 1, 'occupied', 1300000, NULL, 'Imported from Excel. Latest total 06/2026: 1492000 VND.'),
  ('30000000-0000-4000-8000-000000002014', '20000000-0000-4000-8000-000000000002', 'P14', 'p14', 'nttt1-p14', 1, 'occupied', 1300000, NULL, 'Imported from Excel. Latest total 06/2026: 1845000 VND.'),
  ('30000000-0000-4000-8000-000000002015', '20000000-0000-4000-8000-000000000002', 'K01', 'k01', 'nttt1-k01', 1, 'occupied', 2000000, NULL, 'Imported from Excel. Latest total 06/2026: 3119000 VND.'),
  ('30000000-0000-4000-8000-000000002016', '20000000-0000-4000-8000-000000000002', 'K02', 'k02', 'nttt1-k02', 1, 'occupied', 2000000, NULL, 'Imported from Excel. Latest total 06/2026: 2686000 VND.');

-- -----------------------------------------------------------------------------
-- Tenants
-- -----------------------------------------------------------------------------
INSERT INTO public.tenants (id, code, full_name, phone, email, id_number, date_of_birth, permanent_address, notes, gender, occupation, id_issued_date, id_issued_place, emergency_contact_name, emergency_contact_phone, status)
VALUES
  ('40000000-0000-4000-8000-000000001001', 'nttt-k01', 'Nguyễn Hoàng Lâm', '0877209031', 'nguyen-hoang-lam.nttt@example.test', NULL, NULL, NULL, 'Imported primary tenant for room K01 from Excel.', NULL, NULL, NULL, NULL, NULL, NULL, 'active'),
  ('40000000-0000-4000-8000-000000001002', 'nttt-p01', 'Trần Phượng Loan', '0327523730', 'tran-phuong-loan.nttt@example.test', NULL, NULL, NULL, 'Imported primary tenant for room P01 from Excel.', NULL, NULL, NULL, NULL, NULL, NULL, 'active'),
  ('40000000-0000-4000-8000-000000001003', 'nttt-p02', 'Nguyễn Thị Lường', '0949927806', 'nguyen-thi-luong.nttt@example.test', NULL, NULL, NULL, 'Imported primary tenant for room P02 from Excel.', NULL, NULL, NULL, NULL, NULL, NULL, 'active'),
  ('40000000-0000-4000-8000-000000001004', 'nttt-p03', 'Nguyễn Phương Lam', '0763786508', 'nguyen-phuong-lam.nttt@example.test', NULL, NULL, NULL, 'Imported primary tenant for room P03 from Excel.', NULL, NULL, NULL, NULL, NULL, NULL, 'active'),
  ('40000000-0000-4000-8000-000000001005', 'nttt-p04', 'Cao Thị Hiếu Nghĩa', '0898534598', 'cao-thi-hieu-nghia.nttt@example.test', NULL, NULL, NULL, 'Imported primary tenant for room P04 from Excel.', NULL, NULL, NULL, NULL, NULL, NULL, 'active'),
  ('40000000-0000-4000-8000-000000001006', 'nttt-p05', 'La Văn Duy', '0837808802', 'la-van-duy.nttt@example.test', NULL, NULL, NULL, 'Imported primary tenant for room P05 from Excel.', NULL, NULL, NULL, NULL, NULL, NULL, 'active'),
  ('40000000-0000-4000-8000-000000001007', 'nttt-p06', 'Đặng Tuấn Anh', '0937204719', 'dang-tuan-anh.nttt@example.test', NULL, NULL, NULL, 'Imported primary tenant for room P06 from Excel.', NULL, NULL, NULL, NULL, NULL, NULL, 'active'),
  ('40000000-0000-4000-8000-000000001008', 'nttt-p07', 'Nguyễn Văn Tiếp', '0852170767', 'nguyen-van-tiep.nttt@example.test', NULL, NULL, NULL, 'Imported primary tenant for room P07 from Excel.', NULL, NULL, NULL, NULL, NULL, NULL, 'active'),
  ('40000000-0000-4000-8000-000000001009', 'nttt-p08', 'Trần Mùi Kim', '0338627465', 'tran-mui-kim.nttt@example.test', NULL, NULL, NULL, 'Imported primary tenant for room P08 from Excel.', NULL, NULL, NULL, NULL, NULL, NULL, 'active'),
  ('40000000-0000-4000-8000-000000001010', 'nttt-p09', 'Phòng 9', '0971913968', 'phong-9.nttt@example.test', NULL, NULL, NULL, 'Imported primary tenant for room P09 from Excel.', NULL, NULL, NULL, NULL, NULL, NULL, 'active'),
  ('40000000-0000-4000-8000-000000001011', 'nttt-p10', 'Lâm Văn Hảo', '0393332137', 'lam-van-hao.nttt@example.test', NULL, NULL, NULL, 'Imported primary tenant for room P10 from Excel.', NULL, NULL, NULL, NULL, NULL, NULL, 'active'),
  ('40000000-0000-4000-8000-000000001012', 'nttt-p11', 'Tô Thị Thông Thọ', '0337195734', 'to-thi-thong-tho.nttt@example.test', NULL, NULL, NULL, 'Imported primary tenant for room P11 from Excel.', NULL, NULL, NULL, NULL, NULL, NULL, 'active'),
  ('40000000-0000-4000-8000-000000001013', 'nttt-p12', 'Huỳnh Thị Cẩm Tiên', '0946398751', 'huynh-thi-cam-tien.nttt@example.test', NULL, NULL, NULL, 'Imported primary tenant for room P12 from Excel.', NULL, NULL, NULL, NULL, NULL, NULL, 'active'),
  ('40000000-0000-4000-8000-000000001014', 'nttt-p13', 'Đoàn Vũ Linh', '0768488353', 'doan-vu-linh.nttt@example.test', NULL, NULL, NULL, 'Imported primary tenant for room P13 from Excel.', NULL, NULL, NULL, NULL, NULL, NULL, 'active'),
  ('40000000-0000-4000-8000-000000002001', 'nttt1-p01', 'Võ Chí Linh', '0911316022', 'vo-chi-linh.nttt1@example.test', NULL, NULL, NULL, 'Imported primary tenant for room P01 from Excel.', NULL, NULL, NULL, NULL, NULL, NULL, 'active'),
  ('40000000-0000-4000-8000-000000002002', 'nttt1-p02', 'Trần Hoàng Nam', '0964855309', 'tran-hoang-nam.nttt1@example.test', NULL, NULL, NULL, 'Imported primary tenant for room P02 from Excel.', NULL, NULL, NULL, NULL, NULL, NULL, 'active'),
  ('40000000-0000-4000-8000-000000002003', 'nttt1-p03', 'Lê Văn Lực', '0978402664', 'le-van-luc.nttt1@example.test', NULL, NULL, NULL, 'Imported primary tenant for room P03 from Excel.', NULL, NULL, NULL, NULL, NULL, NULL, 'active'),
  ('40000000-0000-4000-8000-000000002004', 'nttt1-p04', 'Siu Viên', '0366547713', 'siu-vien.nttt1@example.test', NULL, NULL, NULL, 'Imported primary tenant for room P04 from Excel.', NULL, NULL, NULL, NULL, NULL, NULL, 'active'),
  ('40000000-0000-4000-8000-000000002005', 'nttt1-p05', 'H Diêu Kbuôr', '0367931524', 'h-dieu-kbuor.nttt1@example.test', NULL, NULL, NULL, 'Imported primary tenant for room P05 from Excel.', NULL, NULL, NULL, NULL, NULL, NULL, 'active'),
  ('40000000-0000-4000-8000-000000002006', 'nttt1-p06', 'Nguyễn Phú Thịnh', '1', 'nguyen-phu-thinh.nttt1@example.test', NULL, NULL, NULL, 'Imported primary tenant for room P06 from Excel.', NULL, NULL, NULL, NULL, NULL, NULL, 'active'),
  ('40000000-0000-4000-8000-000000002007', 'nttt1-p07', 'Nguyễn Văn Sum', '0342684223', 'nguyen-van-sum.nttt1@example.test', NULL, NULL, NULL, 'Imported primary tenant for room P07 from Excel.', NULL, NULL, NULL, NULL, NULL, NULL, 'active'),
  ('40000000-0000-4000-8000-000000002008', 'nttt1-p08', 'Nguyễn Thị Mỹ', '0703104893', 'nguyen-thi-my.nttt1@example.test', NULL, NULL, NULL, 'Imported primary tenant for room P08 from Excel.', NULL, NULL, NULL, NULL, NULL, NULL, 'active'),
  ('40000000-0000-4000-8000-000000002009', 'nttt1-p09', 'Phan Quốc Khánh', '0963374173', 'phan-quoc-khanh.nttt1@example.test', NULL, NULL, NULL, 'Imported primary tenant for room P09 from Excel.', NULL, NULL, NULL, NULL, NULL, NULL, 'active'),
  ('40000000-0000-4000-8000-000000002010', 'nttt1-p10', 'Lý Philip Philip', '0388708710', 'ly-philip-philip.nttt1@example.test', NULL, NULL, NULL, 'Imported primary tenant for room P10 from Excel.', NULL, NULL, NULL, NULL, NULL, NULL, 'active'),
  ('40000000-0000-4000-8000-000000002011', 'nttt1-p11', 'RMAH Hạnh', '0367374368', 'rmah-hanh.nttt1@example.test', NULL, NULL, NULL, 'Imported primary tenant for room P11 from Excel.', NULL, NULL, NULL, NULL, NULL, NULL, 'active'),
  ('40000000-0000-4000-8000-000000002012', 'nttt1-p12', 'Lê Nhựt Duy', '0968458130', 'le-nhut-duy.nttt1@example.test', NULL, NULL, NULL, 'Imported primary tenant for room P12 from Excel.', NULL, NULL, NULL, NULL, NULL, NULL, 'active'),
  ('40000000-0000-4000-8000-000000002013', 'nttt1-p13', 'RAI LAN HRIN', '0337769114', 'rai-lan-hrin.nttt1@example.test', NULL, NULL, NULL, 'Imported primary tenant for room P13 from Excel.', NULL, NULL, NULL, NULL, NULL, NULL, 'active'),
  ('40000000-0000-4000-8000-000000002014', 'nttt1-p14', 'Nguyễn Hoàn', '0395042223', 'nguyen-hoan.nttt1@example.test', NULL, NULL, NULL, 'Imported primary tenant for room P14 from Excel.', NULL, NULL, NULL, NULL, NULL, NULL, 'active'),
  ('40000000-0000-4000-8000-000000002015', 'nttt1-k01', 'Võ Thanh Tùng', '0945936339', 'vo-thanh-tung.nttt1@example.test', NULL, NULL, NULL, 'Imported primary tenant for room K01 from Excel.', NULL, NULL, NULL, NULL, NULL, NULL, 'active'),
  ('40000000-0000-4000-8000-000000002016', 'nttt1-k02', 'Diệp Thanh Tiền', '0985512056', 'diep-thanh-tien.nttt1@example.test', NULL, NULL, NULL, 'Imported primary tenant for room K02 from Excel.', NULL, NULL, NULL, NULL, NULL, NULL, 'active');

-- -----------------------------------------------------------------------------
-- Contracts
-- -----------------------------------------------------------------------------
INSERT INTO public.contracts (id, contract_code, room_id, tenant_id, building_id, start_date, end_date, monthly_rent, deposit, status, notes, occupant_count, discount_amount, surcharge_amount, payment_day, original_end_date, renewal_count)
VALUES
  ('50000000-0000-4000-8000-000000001001', 'hd-nttt-2026-0001', '30000000-0000-4000-8000-000000001001', '40000000-0000-4000-8000-000000001001', '20000000-0000-4000-8000-000000000001', '2026-01-01', '2026-12-31', 1800000, 1800000, 'active', 'Seeded from Excel. Latest other fee: 70000 VND.', 1, 0, 0, 5, '2026-12-31', 0),
  ('50000000-0000-4000-8000-000000001002', 'hd-nttt-2026-0002', '30000000-0000-4000-8000-000000001002', '40000000-0000-4000-8000-000000001002', '20000000-0000-4000-8000-000000000001', '2026-01-01', '2026-12-31', 1300000, 1300000, 'active', 'Seeded from Excel. Latest other fee: 45000 VND.', 1, 0, 0, 5, '2026-12-31', 0),
  ('50000000-0000-4000-8000-000000001003', 'hd-nttt-2026-0003', '30000000-0000-4000-8000-000000001003', '40000000-0000-4000-8000-000000001003', '20000000-0000-4000-8000-000000000001', '2026-01-01', '2026-12-31', 1300000, 1300000, 'active', 'Seeded from Excel. Latest other fee: 70000 VND.', 1, 0, 0, 5, '2026-12-31', 0),
  ('50000000-0000-4000-8000-000000001004', 'hd-nttt-2026-0004', '30000000-0000-4000-8000-000000001004', '40000000-0000-4000-8000-000000001004', '20000000-0000-4000-8000-000000000001', '2026-01-01', '2026-12-31', 1300000, 1300000, 'active', 'Seeded from Excel. Latest other fee: 70000 VND.', 1, 0, 0, 5, '2026-12-31', 0),
  ('50000000-0000-4000-8000-000000001005', 'hd-nttt-2026-0005', '30000000-0000-4000-8000-000000001005', '40000000-0000-4000-8000-000000001005', '20000000-0000-4000-8000-000000000001', '2026-01-01', '2026-12-31', 1300000, 1300000, 'active', 'Seeded from Excel. Latest other fee: 70000 VND.', 1, 0, 0, 5, '2026-12-31', 0),
  ('50000000-0000-4000-8000-000000001006', 'hd-nttt-2026-0006', '30000000-0000-4000-8000-000000001006', '40000000-0000-4000-8000-000000001006', '20000000-0000-4000-8000-000000000001', '2026-01-01', '2026-12-31', 1300000, 1300000, 'active', 'Seeded from Excel. Latest other fee: 45000 VND.', 1, 0, 0, 5, '2026-12-31', 0),
  ('50000000-0000-4000-8000-000000001007', 'hd-nttt-2026-0007', '30000000-0000-4000-8000-000000001007', '40000000-0000-4000-8000-000000001007', '20000000-0000-4000-8000-000000000001', '2026-01-01', '2026-12-31', 1300000, 1300000, 'active', 'Seeded from Excel. Latest other fee: 45000 VND.', 1, 0, 0, 5, '2026-12-31', 0),
  ('50000000-0000-4000-8000-000000001008', 'hd-nttt-2026-0008', '30000000-0000-4000-8000-000000001008', '40000000-0000-4000-8000-000000001008', '20000000-0000-4000-8000-000000000001', '2026-01-01', '2026-12-31', 1300000, 1300000, 'active', 'Seeded from Excel. Latest other fee: 70000 VND.', 1, 0, 0, 5, '2026-12-31', 0),
  ('50000000-0000-4000-8000-000000001009', 'hd-nttt-2026-0009', '30000000-0000-4000-8000-000000001009', '40000000-0000-4000-8000-000000001009', '20000000-0000-4000-8000-000000000001', '2026-01-01', '2026-12-31', 1300000, 1300000, 'active', 'Seeded from Excel. Latest other fee: 45000 VND.', 1, 0, 0, 5, '2026-12-31', 0),
  ('50000000-0000-4000-8000-000000001010', 'hd-nttt-2026-0010', '30000000-0000-4000-8000-000000001010', '40000000-0000-4000-8000-000000001010', '20000000-0000-4000-8000-000000000001', '2026-01-01', '2026-12-31', 1300000, 1300000, 'active', 'Seeded from Excel. Latest other fee: 70000 VND.', 1, 0, 0, 5, '2026-12-31', 0),
  ('50000000-0000-4000-8000-000000001011', 'hd-nttt-2026-0011', '30000000-0000-4000-8000-000000001011', '40000000-0000-4000-8000-000000001011', '20000000-0000-4000-8000-000000000001', '2026-01-01', '2026-12-31', 1300000, 1300000, 'active', 'Seeded from Excel. Latest other fee: 45000 VND.', 1, 0, 0, 5, '2026-12-31', 0),
  ('50000000-0000-4000-8000-000000001012', 'hd-nttt-2026-0012', '30000000-0000-4000-8000-000000001012', '40000000-0000-4000-8000-000000001012', '20000000-0000-4000-8000-000000000001', '2026-01-01', '2026-12-31', 1300000, 1300000, 'active', 'Seeded from Excel. Latest other fee: 95000 VND.', 1, 0, 0, 5, '2026-12-31', 0),
  ('50000000-0000-4000-8000-000000001013', 'hd-nttt-2026-0013', '30000000-0000-4000-8000-000000001013', '40000000-0000-4000-8000-000000001013', '20000000-0000-4000-8000-000000000001', '2026-01-01', '2026-12-31', 1300000, 1300000, 'active', 'Seeded from Excel. Latest other fee: 70000 VND.', 1, 0, 0, 5, '2026-12-31', 0),
  ('50000000-0000-4000-8000-000000001014', 'hd-nttt-2026-0014', '30000000-0000-4000-8000-000000001014', '40000000-0000-4000-8000-000000001014', '20000000-0000-4000-8000-000000000001', '2026-01-01', '2026-12-31', 1300000, 1300000, 'active', 'Seeded from Excel. Latest other fee: 45000 VND.', 1, 0, 0, 5, '2026-12-31', 0),
  ('50000000-0000-4000-8000-000000002001', 'hd-nttt1-2026-0001', '30000000-0000-4000-8000-000000002001', '40000000-0000-4000-8000-000000002001', '20000000-0000-4000-8000-000000000002', '2026-01-01', '2026-12-31', 1300000, 1300000, 'active', 'Seeded from Excel. Latest other fee: 70000 VND.', 1, 0, 0, 5, '2026-12-31', 0),
  ('50000000-0000-4000-8000-000000002002', 'hd-nttt1-2026-0002', '30000000-0000-4000-8000-000000002002', '40000000-0000-4000-8000-000000002002', '20000000-0000-4000-8000-000000000002', '2026-01-01', '2026-12-31', 1300000, 1300000, 'active', 'Seeded from Excel. Latest other fee: 45000 VND.', 1, 0, 0, 5, '2026-12-31', 0),
  ('50000000-0000-4000-8000-000000002003', 'hd-nttt1-2026-0003', '30000000-0000-4000-8000-000000002003', '40000000-0000-4000-8000-000000002003', '20000000-0000-4000-8000-000000000002', '2026-01-01', '2026-12-31', 1300000, 1300000, 'active', 'Seeded from Excel. Latest other fee: 95000 VND.', 1, 0, 0, 5, '2026-12-31', 0),
  ('50000000-0000-4000-8000-000000002004', 'hd-nttt1-2026-0004', '30000000-0000-4000-8000-000000002004', '40000000-0000-4000-8000-000000002004', '20000000-0000-4000-8000-000000000002', '2026-01-01', '2026-12-31', 1300000, 1300000, 'active', 'Seeded from Excel. Latest other fee: 70000 VND.', 1, 0, 0, 5, '2026-12-31', 0),
  ('50000000-0000-4000-8000-000000002005', 'hd-nttt1-2026-0005', '30000000-0000-4000-8000-000000002005', '40000000-0000-4000-8000-000000002005', '20000000-0000-4000-8000-000000000002', '2026-01-01', '2026-12-31', 1300000, 1300000, 'active', 'Seeded from Excel. Latest other fee: 70000 VND.', 1, 0, 0, 5, '2026-12-31', 0),
  ('50000000-0000-4000-8000-000000002006', 'hd-nttt1-2026-0006', '30000000-0000-4000-8000-000000002006', '40000000-0000-4000-8000-000000002006', '20000000-0000-4000-8000-000000000002', '2026-01-01', '2026-12-31', 1300000, 1300000, 'active', 'Seeded from Excel. Latest other fee: 70000 VND.', 1, 0, 0, 5, '2026-12-31', 0),
  ('50000000-0000-4000-8000-000000002007', 'hd-nttt1-2026-0007', '30000000-0000-4000-8000-000000002007', '40000000-0000-4000-8000-000000002007', '20000000-0000-4000-8000-000000000002', '2026-01-01', '2026-12-31', 1300000, 1300000, 'active', 'Seeded from Excel. Latest other fee: 45000 VND.', 1, 0, 0, 5, '2026-12-31', 0),
  ('50000000-0000-4000-8000-000000002008', 'hd-nttt1-2026-0008', '30000000-0000-4000-8000-000000002008', '40000000-0000-4000-8000-000000002008', '20000000-0000-4000-8000-000000000002', '2026-01-01', '2026-12-31', 1300000, 1300000, 'active', 'Seeded from Excel. Latest other fee: 45000 VND.', 1, 0, 0, 5, '2026-12-31', 0),
  ('50000000-0000-4000-8000-000000002009', 'hd-nttt1-2026-0009', '30000000-0000-4000-8000-000000002009', '40000000-0000-4000-8000-000000002009', '20000000-0000-4000-8000-000000000002', '2026-01-01', '2026-12-31', 1300000, 1300000, 'active', 'Seeded from Excel. Latest other fee: 45000 VND.', 1, 0, 0, 5, '2026-12-31', 0),
  ('50000000-0000-4000-8000-000000002010', 'hd-nttt1-2026-0010', '30000000-0000-4000-8000-000000002010', '40000000-0000-4000-8000-000000002010', '20000000-0000-4000-8000-000000000002', '2026-01-01', '2026-12-31', 1300000, 1300000, 'active', 'Seeded from Excel. Latest other fee: 45000 VND.', 1, 0, 0, 5, '2026-12-31', 0),
  ('50000000-0000-4000-8000-000000002011', 'hd-nttt1-2026-0011', '30000000-0000-4000-8000-000000002011', '40000000-0000-4000-8000-000000002011', '20000000-0000-4000-8000-000000000002', '2026-01-01', '2026-12-31', 1300000, 1300000, 'active', 'Seeded from Excel. Latest other fee: 70000 VND.', 1, 0, 0, 5, '2026-12-31', 0),
  ('50000000-0000-4000-8000-000000002012', 'hd-nttt1-2026-0012', '30000000-0000-4000-8000-000000002012', '40000000-0000-4000-8000-000000002012', '20000000-0000-4000-8000-000000000002', '2026-01-01', '2026-12-31', 1300000, 1300000, 'active', 'Seeded from Excel. Latest other fee: 70000 VND.', 1, 0, 0, 5, '2026-12-31', 0),
  ('50000000-0000-4000-8000-000000002013', 'hd-nttt1-2026-0013', '30000000-0000-4000-8000-000000002013', '40000000-0000-4000-8000-000000002013', '20000000-0000-4000-8000-000000000002', '2026-01-01', '2026-12-31', 1300000, 1300000, 'active', 'Seeded from Excel. Latest other fee: 45000 VND.', 1, 0, 0, 5, '2026-12-31', 0),
  ('50000000-0000-4000-8000-000000002014', 'hd-nttt1-2026-0014', '30000000-0000-4000-8000-000000002014', '40000000-0000-4000-8000-000000002014', '20000000-0000-4000-8000-000000000002', '2026-01-01', '2026-12-31', 1300000, 1300000, 'active', 'Seeded from Excel. Latest other fee: 20000 VND.', 1, 0, 0, 5, '2026-12-31', 0),
  ('50000000-0000-4000-8000-000000002015', 'hd-nttt1-2026-0015', '30000000-0000-4000-8000-000000002015', '40000000-0000-4000-8000-000000002015', '20000000-0000-4000-8000-000000000002', '2026-01-01', '2026-12-31', 2000000, 2000000, 'active', 'Seeded from Excel. Latest other fee: 20000 VND.', 1, 0, 0, 5, '2026-12-31', 0),
  ('50000000-0000-4000-8000-000000002016', 'hd-nttt1-2026-0016', '30000000-0000-4000-8000-000000002016', '40000000-0000-4000-8000-000000002016', '20000000-0000-4000-8000-000000000002', '2026-01-01', '2026-12-31', 2000000, 2000000, 'active', 'Seeded from Excel. Latest other fee: 70000 VND.', 1, 0, 0, 5, '2026-12-31', 0);

-- -----------------------------------------------------------------------------
-- Contract occupants
-- -----------------------------------------------------------------------------
INSERT INTO public.contract_occupants (id, contract_id, tenant_id, role, move_in_date, move_out_date, billing_counted)
VALUES
  ('60000000-0000-4000-8000-000000001001', '50000000-0000-4000-8000-000000001001', '40000000-0000-4000-8000-000000001001', 'primary', '2026-01-01', NULL, true),
  ('60000000-0000-4000-8000-000000001002', '50000000-0000-4000-8000-000000001002', '40000000-0000-4000-8000-000000001002', 'primary', '2026-01-01', NULL, true),
  ('60000000-0000-4000-8000-000000001003', '50000000-0000-4000-8000-000000001003', '40000000-0000-4000-8000-000000001003', 'primary', '2026-01-01', NULL, true),
  ('60000000-0000-4000-8000-000000001004', '50000000-0000-4000-8000-000000001004', '40000000-0000-4000-8000-000000001004', 'primary', '2026-01-01', NULL, true),
  ('60000000-0000-4000-8000-000000001005', '50000000-0000-4000-8000-000000001005', '40000000-0000-4000-8000-000000001005', 'primary', '2026-01-01', NULL, true),
  ('60000000-0000-4000-8000-000000001006', '50000000-0000-4000-8000-000000001006', '40000000-0000-4000-8000-000000001006', 'primary', '2026-01-01', NULL, true),
  ('60000000-0000-4000-8000-000000001007', '50000000-0000-4000-8000-000000001007', '40000000-0000-4000-8000-000000001007', 'primary', '2026-01-01', NULL, true),
  ('60000000-0000-4000-8000-000000001008', '50000000-0000-4000-8000-000000001008', '40000000-0000-4000-8000-000000001008', 'primary', '2026-01-01', NULL, true),
  ('60000000-0000-4000-8000-000000001009', '50000000-0000-4000-8000-000000001009', '40000000-0000-4000-8000-000000001009', 'primary', '2026-01-01', NULL, true),
  ('60000000-0000-4000-8000-000000001010', '50000000-0000-4000-8000-000000001010', '40000000-0000-4000-8000-000000001010', 'primary', '2026-01-01', NULL, true),
  ('60000000-0000-4000-8000-000000001011', '50000000-0000-4000-8000-000000001011', '40000000-0000-4000-8000-000000001011', 'primary', '2026-01-01', NULL, true),
  ('60000000-0000-4000-8000-000000001012', '50000000-0000-4000-8000-000000001012', '40000000-0000-4000-8000-000000001012', 'primary', '2026-01-01', NULL, true),
  ('60000000-0000-4000-8000-000000001013', '50000000-0000-4000-8000-000000001013', '40000000-0000-4000-8000-000000001013', 'primary', '2026-01-01', NULL, true),
  ('60000000-0000-4000-8000-000000001014', '50000000-0000-4000-8000-000000001014', '40000000-0000-4000-8000-000000001014', 'primary', '2026-01-01', NULL, true),
  ('60000000-0000-4000-8000-000000002001', '50000000-0000-4000-8000-000000002001', '40000000-0000-4000-8000-000000002001', 'primary', '2026-01-01', NULL, true),
  ('60000000-0000-4000-8000-000000002002', '50000000-0000-4000-8000-000000002002', '40000000-0000-4000-8000-000000002002', 'primary', '2026-01-01', NULL, true),
  ('60000000-0000-4000-8000-000000002003', '50000000-0000-4000-8000-000000002003', '40000000-0000-4000-8000-000000002003', 'primary', '2026-01-01', NULL, true),
  ('60000000-0000-4000-8000-000000002004', '50000000-0000-4000-8000-000000002004', '40000000-0000-4000-8000-000000002004', 'primary', '2026-01-01', NULL, true),
  ('60000000-0000-4000-8000-000000002005', '50000000-0000-4000-8000-000000002005', '40000000-0000-4000-8000-000000002005', 'primary', '2026-01-01', NULL, true),
  ('60000000-0000-4000-8000-000000002006', '50000000-0000-4000-8000-000000002006', '40000000-0000-4000-8000-000000002006', 'primary', '2026-01-01', NULL, true),
  ('60000000-0000-4000-8000-000000002007', '50000000-0000-4000-8000-000000002007', '40000000-0000-4000-8000-000000002007', 'primary', '2026-01-01', NULL, true),
  ('60000000-0000-4000-8000-000000002008', '50000000-0000-4000-8000-000000002008', '40000000-0000-4000-8000-000000002008', 'primary', '2026-01-01', NULL, true),
  ('60000000-0000-4000-8000-000000002009', '50000000-0000-4000-8000-000000002009', '40000000-0000-4000-8000-000000002009', 'primary', '2026-01-01', NULL, true),
  ('60000000-0000-4000-8000-000000002010', '50000000-0000-4000-8000-000000002010', '40000000-0000-4000-8000-000000002010', 'primary', '2026-01-01', NULL, true),
  ('60000000-0000-4000-8000-000000002011', '50000000-0000-4000-8000-000000002011', '40000000-0000-4000-8000-000000002011', 'primary', '2026-01-01', NULL, true),
  ('60000000-0000-4000-8000-000000002012', '50000000-0000-4000-8000-000000002012', '40000000-0000-4000-8000-000000002012', 'primary', '2026-01-01', NULL, true),
  ('60000000-0000-4000-8000-000000002013', '50000000-0000-4000-8000-000000002013', '40000000-0000-4000-8000-000000002013', 'primary', '2026-01-01', NULL, true),
  ('60000000-0000-4000-8000-000000002014', '50000000-0000-4000-8000-000000002014', '40000000-0000-4000-8000-000000002014', 'primary', '2026-01-01', NULL, true),
  ('60000000-0000-4000-8000-000000002015', '50000000-0000-4000-8000-000000002015', '40000000-0000-4000-8000-000000002015', 'primary', '2026-01-01', NULL, true),
  ('60000000-0000-4000-8000-000000002016', '50000000-0000-4000-8000-000000002016', '40000000-0000-4000-8000-000000002016', 'primary', '2026-01-01', NULL, true);

-- -----------------------------------------------------------------------------
-- Building service defaults
-- -----------------------------------------------------------------------------
INSERT INTO public.building_services (id, building_id, catalog_id, default_amount, pricing_type, is_active, sort_order)
VALUES
  ('70000000-0000-4000-8000-000000000001', '20000000-0000-4000-8000-000000000001', '10000000-0000-4000-8000-000000000008', 0, 'fixed_per_room', true, 1),
  ('70000000-0000-4000-8000-000000000002', '20000000-0000-4000-8000-000000000002', '10000000-0000-4000-8000-000000000008', 0, 'fixed_per_room', true, 1);

-- -----------------------------------------------------------------------------
-- Contract services
-- -----------------------------------------------------------------------------
INSERT INTO public.contract_services (id, contract_id, catalog_id, amount, quantity, is_enabled, notes)
VALUES
  ('71000000-0000-4000-8000-000000001001', '50000000-0000-4000-8000-000000001001', '10000000-0000-4000-8000-000000000008', 70000, 1, true, 'Tiền khác from latest Excel month 06/2026'),
  ('71000000-0000-4000-8000-000000001002', '50000000-0000-4000-8000-000000001002', '10000000-0000-4000-8000-000000000008', 45000, 1, true, 'Tiền khác from latest Excel month 06/2026'),
  ('71000000-0000-4000-8000-000000001003', '50000000-0000-4000-8000-000000001003', '10000000-0000-4000-8000-000000000008', 70000, 1, true, 'Tiền khác from latest Excel month 06/2026'),
  ('71000000-0000-4000-8000-000000001004', '50000000-0000-4000-8000-000000001004', '10000000-0000-4000-8000-000000000008', 70000, 1, true, 'Tiền khác from latest Excel month 06/2026'),
  ('71000000-0000-4000-8000-000000001005', '50000000-0000-4000-8000-000000001005', '10000000-0000-4000-8000-000000000008', 70000, 1, true, 'Tiền khác from latest Excel month 06/2026'),
  ('71000000-0000-4000-8000-000000001006', '50000000-0000-4000-8000-000000001006', '10000000-0000-4000-8000-000000000008', 45000, 1, true, 'Tiền khác from latest Excel month 06/2026'),
  ('71000000-0000-4000-8000-000000001007', '50000000-0000-4000-8000-000000001007', '10000000-0000-4000-8000-000000000008', 45000, 1, true, 'Tiền khác from latest Excel month 06/2026'),
  ('71000000-0000-4000-8000-000000001008', '50000000-0000-4000-8000-000000001008', '10000000-0000-4000-8000-000000000008', 70000, 1, true, 'Tiền khác from latest Excel month 06/2026'),
  ('71000000-0000-4000-8000-000000001009', '50000000-0000-4000-8000-000000001009', '10000000-0000-4000-8000-000000000008', 45000, 1, true, 'Tiền khác from latest Excel month 06/2026'),
  ('71000000-0000-4000-8000-000000001010', '50000000-0000-4000-8000-000000001010', '10000000-0000-4000-8000-000000000008', 70000, 1, true, 'Tiền khác from latest Excel month 06/2026'),
  ('71000000-0000-4000-8000-000000001011', '50000000-0000-4000-8000-000000001011', '10000000-0000-4000-8000-000000000008', 45000, 1, true, 'Tiền khác from latest Excel month 06/2026'),
  ('71000000-0000-4000-8000-000000001012', '50000000-0000-4000-8000-000000001012', '10000000-0000-4000-8000-000000000008', 95000, 1, true, 'Tiền khác from latest Excel month 06/2026'),
  ('71000000-0000-4000-8000-000000001013', '50000000-0000-4000-8000-000000001013', '10000000-0000-4000-8000-000000000008', 70000, 1, true, 'Tiền khác from latest Excel month 06/2026'),
  ('71000000-0000-4000-8000-000000001014', '50000000-0000-4000-8000-000000001014', '10000000-0000-4000-8000-000000000008', 45000, 1, true, 'Tiền khác from latest Excel month 06/2026'),
  ('71000000-0000-4000-8000-000000002001', '50000000-0000-4000-8000-000000002001', '10000000-0000-4000-8000-000000000008', 70000, 1, true, 'Tiền khác from latest Excel month 06/2026'),
  ('71000000-0000-4000-8000-000000002002', '50000000-0000-4000-8000-000000002002', '10000000-0000-4000-8000-000000000008', 45000, 1, true, 'Tiền khác from latest Excel month 06/2026'),
  ('71000000-0000-4000-8000-000000002003', '50000000-0000-4000-8000-000000002003', '10000000-0000-4000-8000-000000000008', 95000, 1, true, 'Tiền khác from latest Excel month 06/2026'),
  ('71000000-0000-4000-8000-000000002004', '50000000-0000-4000-8000-000000002004', '10000000-0000-4000-8000-000000000008', 70000, 1, true, 'Tiền khác from latest Excel month 06/2026'),
  ('71000000-0000-4000-8000-000000002005', '50000000-0000-4000-8000-000000002005', '10000000-0000-4000-8000-000000000008', 70000, 1, true, 'Tiền khác from latest Excel month 06/2026'),
  ('71000000-0000-4000-8000-000000002006', '50000000-0000-4000-8000-000000002006', '10000000-0000-4000-8000-000000000008', 70000, 1, true, 'Tiền khác from latest Excel month 06/2026'),
  ('71000000-0000-4000-8000-000000002007', '50000000-0000-4000-8000-000000002007', '10000000-0000-4000-8000-000000000008', 45000, 1, true, 'Tiền khác from latest Excel month 06/2026'),
  ('71000000-0000-4000-8000-000000002008', '50000000-0000-4000-8000-000000002008', '10000000-0000-4000-8000-000000000008', 45000, 1, true, 'Tiền khác from latest Excel month 06/2026'),
  ('71000000-0000-4000-8000-000000002009', '50000000-0000-4000-8000-000000002009', '10000000-0000-4000-8000-000000000008', 45000, 1, true, 'Tiền khác from latest Excel month 06/2026'),
  ('71000000-0000-4000-8000-000000002010', '50000000-0000-4000-8000-000000002010', '10000000-0000-4000-8000-000000000008', 45000, 1, true, 'Tiền khác from latest Excel month 06/2026'),
  ('71000000-0000-4000-8000-000000002011', '50000000-0000-4000-8000-000000002011', '10000000-0000-4000-8000-000000000008', 70000, 1, true, 'Tiền khác from latest Excel month 06/2026'),
  ('71000000-0000-4000-8000-000000002012', '50000000-0000-4000-8000-000000002012', '10000000-0000-4000-8000-000000000008', 70000, 1, true, 'Tiền khác from latest Excel month 06/2026'),
  ('71000000-0000-4000-8000-000000002013', '50000000-0000-4000-8000-000000002013', '10000000-0000-4000-8000-000000000008', 45000, 1, true, 'Tiền khác from latest Excel month 06/2026'),
  ('71000000-0000-4000-8000-000000002014', '50000000-0000-4000-8000-000000002014', '10000000-0000-4000-8000-000000000008', 20000, 1, true, 'Tiền khác from latest Excel month 06/2026'),
  ('71000000-0000-4000-8000-000000002015', '50000000-0000-4000-8000-000000002015', '10000000-0000-4000-8000-000000000008', 20000, 1, true, 'Tiền khác from latest Excel month 06/2026'),
  ('71000000-0000-4000-8000-000000002016', '50000000-0000-4000-8000-000000002016', '10000000-0000-4000-8000-000000000008', 70000, 1, true, 'Tiền khác from latest Excel month 06/2026');

-- -----------------------------------------------------------------------------
-- Contract-level payments
-- -----------------------------------------------------------------------------
INSERT INTO public.contract_payments (id, contract_id, payment_type, amount, paid_at, note)
VALUES
  ('72000000-0000-4000-8000-000000001001', '50000000-0000-4000-8000-000000001001', 'deposit', 1800000, '2026-01-01', 'Initial deposit assumed equal to monthly rent for seed data'),
  ('72000000-0000-4000-8000-000000001002', '50000000-0000-4000-8000-000000001002', 'deposit', 1300000, '2026-01-01', 'Initial deposit assumed equal to monthly rent for seed data'),
  ('72000000-0000-4000-8000-000000001003', '50000000-0000-4000-8000-000000001003', 'deposit', 1300000, '2026-01-01', 'Initial deposit assumed equal to monthly rent for seed data'),
  ('72000000-0000-4000-8000-000000001004', '50000000-0000-4000-8000-000000001004', 'deposit', 1300000, '2026-01-01', 'Initial deposit assumed equal to monthly rent for seed data'),
  ('72000000-0000-4000-8000-000000001005', '50000000-0000-4000-8000-000000001005', 'deposit', 1300000, '2026-01-01', 'Initial deposit assumed equal to monthly rent for seed data'),
  ('72000000-0000-4000-8000-000000001006', '50000000-0000-4000-8000-000000001006', 'deposit', 1300000, '2026-01-01', 'Initial deposit assumed equal to monthly rent for seed data'),
  ('72000000-0000-4000-8000-000000001007', '50000000-0000-4000-8000-000000001007', 'deposit', 1300000, '2026-01-01', 'Initial deposit assumed equal to monthly rent for seed data'),
  ('72000000-0000-4000-8000-000000001008', '50000000-0000-4000-8000-000000001008', 'deposit', 1300000, '2026-01-01', 'Initial deposit assumed equal to monthly rent for seed data'),
  ('72000000-0000-4000-8000-000000001009', '50000000-0000-4000-8000-000000001009', 'deposit', 1300000, '2026-01-01', 'Initial deposit assumed equal to monthly rent for seed data'),
  ('72000000-0000-4000-8000-000000001010', '50000000-0000-4000-8000-000000001010', 'deposit', 1300000, '2026-01-01', 'Initial deposit assumed equal to monthly rent for seed data'),
  ('72000000-0000-4000-8000-000000001011', '50000000-0000-4000-8000-000000001011', 'deposit', 1300000, '2026-01-01', 'Initial deposit assumed equal to monthly rent for seed data'),
  ('72000000-0000-4000-8000-000000001012', '50000000-0000-4000-8000-000000001012', 'deposit', 1300000, '2026-01-01', 'Initial deposit assumed equal to monthly rent for seed data'),
  ('72000000-0000-4000-8000-000000001013', '50000000-0000-4000-8000-000000001013', 'deposit', 1300000, '2026-01-01', 'Initial deposit assumed equal to monthly rent for seed data'),
  ('72000000-0000-4000-8000-000000001014', '50000000-0000-4000-8000-000000001014', 'deposit', 1300000, '2026-01-01', 'Initial deposit assumed equal to monthly rent for seed data'),
  ('72000000-0000-4000-8000-000000002001', '50000000-0000-4000-8000-000000002001', 'deposit', 1300000, '2026-01-01', 'Initial deposit assumed equal to monthly rent for seed data'),
  ('72000000-0000-4000-8000-000000002002', '50000000-0000-4000-8000-000000002002', 'deposit', 1300000, '2026-01-01', 'Initial deposit assumed equal to monthly rent for seed data'),
  ('72000000-0000-4000-8000-000000002003', '50000000-0000-4000-8000-000000002003', 'deposit', 1300000, '2026-01-01', 'Initial deposit assumed equal to monthly rent for seed data'),
  ('72000000-0000-4000-8000-000000002004', '50000000-0000-4000-8000-000000002004', 'deposit', 1300000, '2026-01-01', 'Initial deposit assumed equal to monthly rent for seed data'),
  ('72000000-0000-4000-8000-000000002005', '50000000-0000-4000-8000-000000002005', 'deposit', 1300000, '2026-01-01', 'Initial deposit assumed equal to monthly rent for seed data'),
  ('72000000-0000-4000-8000-000000002006', '50000000-0000-4000-8000-000000002006', 'deposit', 1300000, '2026-01-01', 'Initial deposit assumed equal to monthly rent for seed data'),
  ('72000000-0000-4000-8000-000000002007', '50000000-0000-4000-8000-000000002007', 'deposit', 1300000, '2026-01-01', 'Initial deposit assumed equal to monthly rent for seed data'),
  ('72000000-0000-4000-8000-000000002008', '50000000-0000-4000-8000-000000002008', 'deposit', 1300000, '2026-01-01', 'Initial deposit assumed equal to monthly rent for seed data'),
  ('72000000-0000-4000-8000-000000002009', '50000000-0000-4000-8000-000000002009', 'deposit', 1300000, '2026-01-01', 'Initial deposit assumed equal to monthly rent for seed data'),
  ('72000000-0000-4000-8000-000000002010', '50000000-0000-4000-8000-000000002010', 'deposit', 1300000, '2026-01-01', 'Initial deposit assumed equal to monthly rent for seed data'),
  ('72000000-0000-4000-8000-000000002011', '50000000-0000-4000-8000-000000002011', 'deposit', 1300000, '2026-01-01', 'Initial deposit assumed equal to monthly rent for seed data'),
  ('72000000-0000-4000-8000-000000002012', '50000000-0000-4000-8000-000000002012', 'deposit', 1300000, '2026-01-01', 'Initial deposit assumed equal to monthly rent for seed data'),
  ('72000000-0000-4000-8000-000000002013', '50000000-0000-4000-8000-000000002013', 'deposit', 1300000, '2026-01-01', 'Initial deposit assumed equal to monthly rent for seed data'),
  ('72000000-0000-4000-8000-000000002014', '50000000-0000-4000-8000-000000002014', 'deposit', 1300000, '2026-01-01', 'Initial deposit assumed equal to monthly rent for seed data'),
  ('72000000-0000-4000-8000-000000002015', '50000000-0000-4000-8000-000000002015', 'deposit', 2000000, '2026-01-01', 'Initial deposit assumed equal to monthly rent for seed data'),
  ('72000000-0000-4000-8000-000000002016', '50000000-0000-4000-8000-000000002016', 'deposit', 2000000, '2026-01-01', 'Initial deposit assumed equal to monthly rent for seed data');

-- -----------------------------------------------------------------------------
-- Meter readings
-- -----------------------------------------------------------------------------
INSERT INTO public.meter_readings (id, room_id, building_id, meter_type, reading_type, period_year, period_month, reading_date, reading_value, is_estimated, notes)
VALUES
  ('80000000-0000-4000-8000-000000000001', '30000000-0000-4000-8000-000000001001', '20000000-0000-4000-8000-000000000001', 'electricity', 'monthly', 2025, 12, '2025-12-28', 2385, false, 'Baseline from Jan 2026 Excel previous electricity reading'),
  ('80000000-0000-4000-8000-000000000002', '30000000-0000-4000-8000-000000001001', '20000000-0000-4000-8000-000000000001', 'water', 'monthly', 2025, 12, '2025-12-28', 135, false, 'Baseline from Jan 2026 Excel previous water reading'),
  ('80000000-0000-4000-8000-000000000003', '30000000-0000-4000-8000-000000001002', '20000000-0000-4000-8000-000000000001', 'electricity', 'monthly', 2025, 12, '2025-12-28', 2482, false, 'Baseline from Jan 2026 Excel previous electricity reading'),
  ('80000000-0000-4000-8000-000000000004', '30000000-0000-4000-8000-000000001002', '20000000-0000-4000-8000-000000000001', 'water', 'monthly', 2025, 12, '2025-12-28', 392, false, 'Baseline from Jan 2026 Excel previous water reading'),
  ('80000000-0000-4000-8000-000000000005', '30000000-0000-4000-8000-000000001003', '20000000-0000-4000-8000-000000000001', 'electricity', 'monthly', 2025, 12, '2025-12-28', 6166, false, 'Baseline from Jan 2026 Excel previous electricity reading'),
  ('80000000-0000-4000-8000-000000000006', '30000000-0000-4000-8000-000000001003', '20000000-0000-4000-8000-000000000001', 'water', 'monthly', 2025, 12, '2025-12-28', 498, false, 'Baseline from Jan 2026 Excel previous water reading'),
  ('80000000-0000-4000-8000-000000000007', '30000000-0000-4000-8000-000000001004', '20000000-0000-4000-8000-000000000001', 'electricity', 'monthly', 2025, 12, '2025-12-28', 4146, false, 'Baseline from Jan 2026 Excel previous electricity reading'),
  ('80000000-0000-4000-8000-000000000008', '30000000-0000-4000-8000-000000001004', '20000000-0000-4000-8000-000000000001', 'water', 'monthly', 2025, 12, '2025-12-28', 199, false, 'Baseline from Jan 2026 Excel previous water reading'),
  ('80000000-0000-4000-8000-000000000009', '30000000-0000-4000-8000-000000001005', '20000000-0000-4000-8000-000000000001', 'electricity', 'monthly', 2025, 12, '2025-12-28', 3248, false, 'Baseline from Jan 2026 Excel previous electricity reading'),
  ('80000000-0000-4000-8000-000000000010', '30000000-0000-4000-8000-000000001005', '20000000-0000-4000-8000-000000000001', 'water', 'monthly', 2025, 12, '2025-12-28', 216, false, 'Baseline from Jan 2026 Excel previous water reading'),
  ('80000000-0000-4000-8000-000000000011', '30000000-0000-4000-8000-000000001006', '20000000-0000-4000-8000-000000000001', 'electricity', 'monthly', 2025, 12, '2025-12-28', 2463, false, 'Baseline from Jan 2026 Excel previous electricity reading'),
  ('80000000-0000-4000-8000-000000000012', '30000000-0000-4000-8000-000000001006', '20000000-0000-4000-8000-000000000001', 'water', 'monthly', 2025, 12, '2025-12-28', 245, false, 'Baseline from Jan 2026 Excel previous water reading'),
  ('80000000-0000-4000-8000-000000000013', '30000000-0000-4000-8000-000000001007', '20000000-0000-4000-8000-000000000001', 'electricity', 'monthly', 2025, 12, '2025-12-28', 5435, false, 'Baseline from Jan 2026 Excel previous electricity reading'),
  ('80000000-0000-4000-8000-000000000014', '30000000-0000-4000-8000-000000001007', '20000000-0000-4000-8000-000000000001', 'water', 'monthly', 2025, 12, '2025-12-28', 366, false, 'Baseline from Jan 2026 Excel previous water reading'),
  ('80000000-0000-4000-8000-000000000015', '30000000-0000-4000-8000-000000001008', '20000000-0000-4000-8000-000000000001', 'electricity', 'monthly', 2025, 12, '2025-12-28', 3134, false, 'Baseline from Jan 2026 Excel previous electricity reading'),
  ('80000000-0000-4000-8000-000000000016', '30000000-0000-4000-8000-000000001008', '20000000-0000-4000-8000-000000000001', 'water', 'monthly', 2025, 12, '2025-12-28', 461, false, 'Baseline from Jan 2026 Excel previous water reading'),
  ('80000000-0000-4000-8000-000000000017', '30000000-0000-4000-8000-000000001009', '20000000-0000-4000-8000-000000000001', 'electricity', 'monthly', 2025, 12, '2025-12-28', 5056, false, 'Baseline from Jan 2026 Excel previous electricity reading'),
  ('80000000-0000-4000-8000-000000000018', '30000000-0000-4000-8000-000000001009', '20000000-0000-4000-8000-000000000001', 'water', 'monthly', 2025, 12, '2025-12-28', 262, false, 'Baseline from Jan 2026 Excel previous water reading'),
  ('80000000-0000-4000-8000-000000000019', '30000000-0000-4000-8000-000000001010', '20000000-0000-4000-8000-000000000001', 'electricity', 'monthly', 2025, 12, '2025-12-28', 3079, false, 'Baseline from Jan 2026 Excel previous electricity reading'),
  ('80000000-0000-4000-8000-000000000020', '30000000-0000-4000-8000-000000001010', '20000000-0000-4000-8000-000000000001', 'water', 'monthly', 2025, 12, '2025-12-28', 285, false, 'Baseline from Jan 2026 Excel previous water reading'),
  ('80000000-0000-4000-8000-000000000021', '30000000-0000-4000-8000-000000001011', '20000000-0000-4000-8000-000000000001', 'electricity', 'monthly', 2025, 12, '2025-12-28', 3758, false, 'Baseline from Jan 2026 Excel previous electricity reading'),
  ('80000000-0000-4000-8000-000000000022', '30000000-0000-4000-8000-000000001011', '20000000-0000-4000-8000-000000000001', 'water', 'monthly', 2025, 12, '2025-12-28', 253, false, 'Baseline from Jan 2026 Excel previous water reading'),
  ('80000000-0000-4000-8000-000000000023', '30000000-0000-4000-8000-000000001012', '20000000-0000-4000-8000-000000000001', 'electricity', 'monthly', 2025, 12, '2025-12-28', 2801, false, 'Baseline from Jan 2026 Excel previous electricity reading'),
  ('80000000-0000-4000-8000-000000000024', '30000000-0000-4000-8000-000000001012', '20000000-0000-4000-8000-000000000001', 'water', 'monthly', 2025, 12, '2025-12-28', 252, false, 'Baseline from Jan 2026 Excel previous water reading'),
  ('80000000-0000-4000-8000-000000000025', '30000000-0000-4000-8000-000000001013', '20000000-0000-4000-8000-000000000001', 'electricity', 'monthly', 2025, 12, '2025-12-28', 4621, false, 'Baseline from Jan 2026 Excel previous electricity reading'),
  ('80000000-0000-4000-8000-000000000026', '30000000-0000-4000-8000-000000001013', '20000000-0000-4000-8000-000000000001', 'water', 'monthly', 2025, 12, '2025-12-28', 420, false, 'Baseline from Jan 2026 Excel previous water reading'),
  ('80000000-0000-4000-8000-000000000027', '30000000-0000-4000-8000-000000001014', '20000000-0000-4000-8000-000000000001', 'electricity', 'monthly', 2025, 12, '2025-12-28', 7224, false, 'Baseline from Jan 2026 Excel previous electricity reading'),
  ('80000000-0000-4000-8000-000000000028', '30000000-0000-4000-8000-000000001014', '20000000-0000-4000-8000-000000000001', 'water', 'monthly', 2025, 12, '2025-12-28', 568, false, 'Baseline from Jan 2026 Excel previous water reading'),
  ('80000000-0000-4000-8000-000000000029', '30000000-0000-4000-8000-000000001001', '20000000-0000-4000-8000-000000000001', 'electricity', 'monthly', 2026, 1, '2026-01-27', 2532, false, 'Current electricity reading from Excel 01/2026'),
  ('80000000-0000-4000-8000-000000000030', '30000000-0000-4000-8000-000000001001', '20000000-0000-4000-8000-000000000001', 'water', 'monthly', 2026, 1, '2026-01-27', 144, false, 'Current water reading from Excel 01/2026'),
  ('80000000-0000-4000-8000-000000000031', '30000000-0000-4000-8000-000000001002', '20000000-0000-4000-8000-000000000001', 'electricity', 'monthly', 2026, 1, '2026-01-27', 2554, false, 'Current electricity reading from Excel 01/2026'),
  ('80000000-0000-4000-8000-000000000032', '30000000-0000-4000-8000-000000001002', '20000000-0000-4000-8000-000000000001', 'water', 'monthly', 2026, 1, '2026-01-27', 404, false, 'Current water reading from Excel 01/2026'),
  ('80000000-0000-4000-8000-000000000033', '30000000-0000-4000-8000-000000001003', '20000000-0000-4000-8000-000000000001', 'electricity', 'monthly', 2026, 1, '2026-01-27', 6237, false, 'Current electricity reading from Excel 01/2026'),
  ('80000000-0000-4000-8000-000000000034', '30000000-0000-4000-8000-000000001003', '20000000-0000-4000-8000-000000000001', 'water', 'monthly', 2026, 1, '2026-01-27', 504, false, 'Current water reading from Excel 01/2026'),
  ('80000000-0000-4000-8000-000000000035', '30000000-0000-4000-8000-000000001004', '20000000-0000-4000-8000-000000000001', 'electricity', 'monthly', 2026, 1, '2026-01-27', 4276, false, 'Current electricity reading from Excel 01/2026'),
  ('80000000-0000-4000-8000-000000000036', '30000000-0000-4000-8000-000000001004', '20000000-0000-4000-8000-000000000001', 'water', 'monthly', 2026, 1, '2026-01-27', 204, false, 'Current water reading from Excel 01/2026'),
  ('80000000-0000-4000-8000-000000000037', '30000000-0000-4000-8000-000000001005', '20000000-0000-4000-8000-000000000001', 'electricity', 'monthly', 2026, 1, '2026-01-27', 3270, false, 'Current electricity reading from Excel 01/2026'),
  ('80000000-0000-4000-8000-000000000038', '30000000-0000-4000-8000-000000001005', '20000000-0000-4000-8000-000000000001', 'water', 'monthly', 2026, 1, '2026-01-27', 221, false, 'Current water reading from Excel 01/2026'),
  ('80000000-0000-4000-8000-000000000039', '30000000-0000-4000-8000-000000001006', '20000000-0000-4000-8000-000000000001', 'electricity', 'monthly', 2026, 1, '2026-01-27', 2572, false, 'Current electricity reading from Excel 01/2026'),
  ('80000000-0000-4000-8000-000000000040', '30000000-0000-4000-8000-000000001006', '20000000-0000-4000-8000-000000000001', 'water', 'monthly', 2026, 1, '2026-01-27', 251, false, 'Current water reading from Excel 01/2026'),
  ('80000000-0000-4000-8000-000000000041', '30000000-0000-4000-8000-000000001007', '20000000-0000-4000-8000-000000000001', 'electricity', 'monthly', 2026, 1, '2026-01-27', 5517, false, 'Current electricity reading from Excel 01/2026'),
  ('80000000-0000-4000-8000-000000000042', '30000000-0000-4000-8000-000000001007', '20000000-0000-4000-8000-000000000001', 'water', 'monthly', 2026, 1, '2026-01-27', 371, false, 'Current water reading from Excel 01/2026'),
  ('80000000-0000-4000-8000-000000000043', '30000000-0000-4000-8000-000000001008', '20000000-0000-4000-8000-000000000001', 'electricity', 'monthly', 2026, 1, '2026-01-27', 3143, false, 'Current electricity reading from Excel 01/2026'),
  ('80000000-0000-4000-8000-000000000044', '30000000-0000-4000-8000-000000001008', '20000000-0000-4000-8000-000000000001', 'water', 'monthly', 2026, 1, '2026-01-27', 462, false, 'Current water reading from Excel 01/2026'),
  ('80000000-0000-4000-8000-000000000045', '30000000-0000-4000-8000-000000001009', '20000000-0000-4000-8000-000000000001', 'electricity', 'monthly', 2026, 1, '2026-01-27', 5134, false, 'Current electricity reading from Excel 01/2026'),
  ('80000000-0000-4000-8000-000000000046', '30000000-0000-4000-8000-000000001009', '20000000-0000-4000-8000-000000000001', 'water', 'monthly', 2026, 1, '2026-01-27', 266, false, 'Current water reading from Excel 01/2026'),
  ('80000000-0000-4000-8000-000000000047', '30000000-0000-4000-8000-000000001010', '20000000-0000-4000-8000-000000000001', 'electricity', 'monthly', 2026, 1, '2026-01-27', 3224, false, 'Current electricity reading from Excel 01/2026'),
  ('80000000-0000-4000-8000-000000000048', '30000000-0000-4000-8000-000000001010', '20000000-0000-4000-8000-000000000001', 'water', 'monthly', 2026, 1, '2026-01-27', 291, false, 'Current water reading from Excel 01/2026'),
  ('80000000-0000-4000-8000-000000000049', '30000000-0000-4000-8000-000000001011', '20000000-0000-4000-8000-000000000001', 'electricity', 'monthly', 2026, 1, '2026-01-27', 3830, false, 'Current electricity reading from Excel 01/2026'),
  ('80000000-0000-4000-8000-000000000050', '30000000-0000-4000-8000-000000001011', '20000000-0000-4000-8000-000000000001', 'water', 'monthly', 2026, 1, '2026-01-27', 257, false, 'Current water reading from Excel 01/2026'),
  ('80000000-0000-4000-8000-000000000051', '30000000-0000-4000-8000-000000001012', '20000000-0000-4000-8000-000000000001', 'electricity', 'monthly', 2026, 1, '2026-01-27', 2882, false, 'Current electricity reading from Excel 01/2026'),
  ('80000000-0000-4000-8000-000000000052', '30000000-0000-4000-8000-000000001012', '20000000-0000-4000-8000-000000000001', 'water', 'monthly', 2026, 1, '2026-01-27', 255, false, 'Current water reading from Excel 01/2026'),
  ('80000000-0000-4000-8000-000000000053', '30000000-0000-4000-8000-000000001013', '20000000-0000-4000-8000-000000000001', 'electricity', 'monthly', 2026, 1, '2026-01-27', 4719, false, 'Current electricity reading from Excel 01/2026'),
  ('80000000-0000-4000-8000-000000000054', '30000000-0000-4000-8000-000000001013', '20000000-0000-4000-8000-000000000001', 'water', 'monthly', 2026, 1, '2026-01-27', 428, false, 'Current water reading from Excel 01/2026'),
  ('80000000-0000-4000-8000-000000000055', '30000000-0000-4000-8000-000000001014', '20000000-0000-4000-8000-000000000001', 'electricity', 'monthly', 2026, 1, '2026-01-27', 7350, false, 'Current electricity reading from Excel 01/2026'),
  ('80000000-0000-4000-8000-000000000056', '30000000-0000-4000-8000-000000001014', '20000000-0000-4000-8000-000000000001', 'water', 'monthly', 2026, 1, '2026-01-27', 577, false, 'Current water reading from Excel 01/2026'),
  ('80000000-0000-4000-8000-000000000057', '30000000-0000-4000-8000-000000001001', '20000000-0000-4000-8000-000000000001', 'electricity', 'monthly', 2026, 2, '2026-02-27', 2666, false, 'Current electricity reading from Excel 02/2026'),
  ('80000000-0000-4000-8000-000000000058', '30000000-0000-4000-8000-000000001001', '20000000-0000-4000-8000-000000000001', 'water', 'monthly', 2026, 2, '2026-02-27', 152, false, 'Current water reading from Excel 02/2026'),
  ('80000000-0000-4000-8000-000000000059', '30000000-0000-4000-8000-000000001002', '20000000-0000-4000-8000-000000000001', 'electricity', 'monthly', 2026, 2, '2026-02-27', 2625, false, 'Current electricity reading from Excel 02/2026'),
  ('80000000-0000-4000-8000-000000000060', '30000000-0000-4000-8000-000000001002', '20000000-0000-4000-8000-000000000001', 'water', 'monthly', 2026, 2, '2026-02-27', 417, false, 'Current water reading from Excel 02/2026'),
  ('80000000-0000-4000-8000-000000000061', '30000000-0000-4000-8000-000000001003', '20000000-0000-4000-8000-000000000001', 'electricity', 'monthly', 2026, 2, '2026-02-27', 6301, false, 'Current electricity reading from Excel 02/2026'),
  ('80000000-0000-4000-8000-000000000062', '30000000-0000-4000-8000-000000001003', '20000000-0000-4000-8000-000000000001', 'water', 'monthly', 2026, 2, '2026-02-27', 510, false, 'Current water reading from Excel 02/2026'),
  ('80000000-0000-4000-8000-000000000063', '30000000-0000-4000-8000-000000001004', '20000000-0000-4000-8000-000000000001', 'electricity', 'monthly', 2026, 2, '2026-02-27', 4337, false, 'Current electricity reading from Excel 02/2026'),
  ('80000000-0000-4000-8000-000000000064', '30000000-0000-4000-8000-000000001004', '20000000-0000-4000-8000-000000000001', 'water', 'monthly', 2026, 2, '2026-02-27', 206, false, 'Current water reading from Excel 02/2026'),
  ('80000000-0000-4000-8000-000000000065', '30000000-0000-4000-8000-000000001005', '20000000-0000-4000-8000-000000000001', 'electricity', 'monthly', 2026, 2, '2026-02-27', 3292, false, 'Current electricity reading from Excel 02/2026'),
  ('80000000-0000-4000-8000-000000000066', '30000000-0000-4000-8000-000000001005', '20000000-0000-4000-8000-000000000001', 'water', 'monthly', 2026, 2, '2026-02-27', 225, false, 'Current water reading from Excel 02/2026'),
  ('80000000-0000-4000-8000-000000000067', '30000000-0000-4000-8000-000000001006', '20000000-0000-4000-8000-000000000001', 'electricity', 'monthly', 2026, 2, '2026-02-27', 2661, false, 'Current electricity reading from Excel 02/2026'),
  ('80000000-0000-4000-8000-000000000068', '30000000-0000-4000-8000-000000001006', '20000000-0000-4000-8000-000000000001', 'water', 'monthly', 2026, 2, '2026-02-27', 256, false, 'Current water reading from Excel 02/2026'),
  ('80000000-0000-4000-8000-000000000069', '30000000-0000-4000-8000-000000001007', '20000000-0000-4000-8000-000000000001', 'electricity', 'monthly', 2026, 2, '2026-02-27', 5588, false, 'Current electricity reading from Excel 02/2026'),
  ('80000000-0000-4000-8000-000000000070', '30000000-0000-4000-8000-000000001007', '20000000-0000-4000-8000-000000000001', 'water', 'monthly', 2026, 2, '2026-02-27', 377, false, 'Current water reading from Excel 02/2026'),
  ('80000000-0000-4000-8000-000000000071', '30000000-0000-4000-8000-000000001008', '20000000-0000-4000-8000-000000000001', 'electricity', 'monthly', 2026, 2, '2026-02-27', 3152, false, 'Current electricity reading from Excel 02/2026'),
  ('80000000-0000-4000-8000-000000000072', '30000000-0000-4000-8000-000000001008', '20000000-0000-4000-8000-000000000001', 'water', 'monthly', 2026, 2, '2026-02-27', 463, false, 'Current water reading from Excel 02/2026'),
  ('80000000-0000-4000-8000-000000000073', '30000000-0000-4000-8000-000000001009', '20000000-0000-4000-8000-000000000001', 'electricity', 'monthly', 2026, 2, '2026-02-27', 5206, false, 'Current electricity reading from Excel 02/2026'),
  ('80000000-0000-4000-8000-000000000074', '30000000-0000-4000-8000-000000001009', '20000000-0000-4000-8000-000000000001', 'water', 'monthly', 2026, 2, '2026-02-27', 268, false, 'Current water reading from Excel 02/2026'),
  ('80000000-0000-4000-8000-000000000075', '30000000-0000-4000-8000-000000001010', '20000000-0000-4000-8000-000000000001', 'electricity', 'monthly', 2026, 2, '2026-02-27', 3324, false, 'Current electricity reading from Excel 02/2026'),
  ('80000000-0000-4000-8000-000000000076', '30000000-0000-4000-8000-000000001010', '20000000-0000-4000-8000-000000000001', 'water', 'monthly', 2026, 2, '2026-02-27', 296, false, 'Current water reading from Excel 02/2026'),
  ('80000000-0000-4000-8000-000000000077', '30000000-0000-4000-8000-000000001011', '20000000-0000-4000-8000-000000000001', 'electricity', 'monthly', 2026, 2, '2026-02-27', 3897, false, 'Current electricity reading from Excel 02/2026'),
  ('80000000-0000-4000-8000-000000000078', '30000000-0000-4000-8000-000000001011', '20000000-0000-4000-8000-000000000001', 'water', 'monthly', 2026, 2, '2026-02-27', 260, false, 'Current water reading from Excel 02/2026'),
  ('80000000-0000-4000-8000-000000000079', '30000000-0000-4000-8000-000000001012', '20000000-0000-4000-8000-000000000001', 'electricity', 'monthly', 2026, 2, '2026-02-27', 2923, false, 'Current electricity reading from Excel 02/2026'),
  ('80000000-0000-4000-8000-000000000080', '30000000-0000-4000-8000-000000001012', '20000000-0000-4000-8000-000000000001', 'water', 'monthly', 2026, 2, '2026-02-27', 256, false, 'Current water reading from Excel 02/2026'),
  ('80000000-0000-4000-8000-000000000081', '30000000-0000-4000-8000-000000001013', '20000000-0000-4000-8000-000000000001', 'electricity', 'monthly', 2026, 2, '2026-02-27', 4813, false, 'Current electricity reading from Excel 02/2026'),
  ('80000000-0000-4000-8000-000000000082', '30000000-0000-4000-8000-000000001013', '20000000-0000-4000-8000-000000000001', 'water', 'monthly', 2026, 2, '2026-02-27', 436, false, 'Current water reading from Excel 02/2026'),
  ('80000000-0000-4000-8000-000000000083', '30000000-0000-4000-8000-000000001014', '20000000-0000-4000-8000-000000000001', 'electricity', 'monthly', 2026, 2, '2026-02-27', 7420, false, 'Current electricity reading from Excel 02/2026'),
  ('80000000-0000-4000-8000-000000000084', '30000000-0000-4000-8000-000000001014', '20000000-0000-4000-8000-000000000001', 'water', 'monthly', 2026, 2, '2026-02-27', 587, false, 'Current water reading from Excel 02/2026'),
  ('80000000-0000-4000-8000-000000000085', '30000000-0000-4000-8000-000000001001', '20000000-0000-4000-8000-000000000001', 'electricity', 'monthly', 2026, 3, '2026-03-27', 2774, false, 'Current electricity reading from Excel 03/2026'),
  ('80000000-0000-4000-8000-000000000086', '30000000-0000-4000-8000-000000001001', '20000000-0000-4000-8000-000000000001', 'water', 'monthly', 2026, 3, '2026-03-27', 155, false, 'Current water reading from Excel 03/2026'),
  ('80000000-0000-4000-8000-000000000087', '30000000-0000-4000-8000-000000001002', '20000000-0000-4000-8000-000000000001', 'electricity', 'monthly', 2026, 3, '2026-03-27', 2677, false, 'Current electricity reading from Excel 03/2026'),
  ('80000000-0000-4000-8000-000000000088', '30000000-0000-4000-8000-000000001002', '20000000-0000-4000-8000-000000000001', 'water', 'monthly', 2026, 3, '2026-03-27', 424, false, 'Current water reading from Excel 03/2026'),
  ('80000000-0000-4000-8000-000000000089', '30000000-0000-4000-8000-000000001003', '20000000-0000-4000-8000-000000000001', 'electricity', 'monthly', 2026, 3, '2026-03-27', 6369, false, 'Current electricity reading from Excel 03/2026'),
  ('80000000-0000-4000-8000-000000000090', '30000000-0000-4000-8000-000000001003', '20000000-0000-4000-8000-000000000001', 'water', 'monthly', 2026, 3, '2026-03-27', 516, false, 'Current water reading from Excel 03/2026'),
  ('80000000-0000-4000-8000-000000000091', '30000000-0000-4000-8000-000000001004', '20000000-0000-4000-8000-000000000001', 'electricity', 'monthly', 2026, 3, '2026-03-27', 4347, false, 'Current electricity reading from Excel 03/2026'),
  ('80000000-0000-4000-8000-000000000092', '30000000-0000-4000-8000-000000001004', '20000000-0000-4000-8000-000000000001', 'water', 'monthly', 2026, 3, '2026-03-27', 208, false, 'Current water reading from Excel 03/2026'),
  ('80000000-0000-4000-8000-000000000093', '30000000-0000-4000-8000-000000001005', '20000000-0000-4000-8000-000000000001', 'electricity', 'monthly', 2026, 3, '2026-03-27', 3310, false, 'Current electricity reading from Excel 03/2026'),
  ('80000000-0000-4000-8000-000000000094', '30000000-0000-4000-8000-000000001005', '20000000-0000-4000-8000-000000000001', 'water', 'monthly', 2026, 3, '2026-03-27', 228, false, 'Current water reading from Excel 03/2026'),
  ('80000000-0000-4000-8000-000000000095', '30000000-0000-4000-8000-000000001006', '20000000-0000-4000-8000-000000000001', 'electricity', 'monthly', 2026, 3, '2026-03-27', 2720, false, 'Current electricity reading from Excel 03/2026'),
  ('80000000-0000-4000-8000-000000000096', '30000000-0000-4000-8000-000000001006', '20000000-0000-4000-8000-000000000001', 'water', 'monthly', 2026, 3, '2026-03-27', 260, false, 'Current water reading from Excel 03/2026'),
  ('80000000-0000-4000-8000-000000000097', '30000000-0000-4000-8000-000000001007', '20000000-0000-4000-8000-000000000001', 'electricity', 'monthly', 2026, 3, '2026-03-27', 5633, false, 'Current electricity reading from Excel 03/2026'),
  ('80000000-0000-4000-8000-000000000098', '30000000-0000-4000-8000-000000001007', '20000000-0000-4000-8000-000000000001', 'water', 'monthly', 2026, 3, '2026-03-27', 380, false, 'Current water reading from Excel 03/2026'),
  ('80000000-0000-4000-8000-000000000099', '30000000-0000-4000-8000-000000001008', '20000000-0000-4000-8000-000000000001', 'electricity', 'monthly', 2026, 3, '2026-03-27', 3158, false, 'Current electricity reading from Excel 03/2026'),
  ('80000000-0000-4000-8000-000000000100', '30000000-0000-4000-8000-000000001008', '20000000-0000-4000-8000-000000000001', 'water', 'monthly', 2026, 3, '2026-03-27', 465, false, 'Current water reading from Excel 03/2026'),
  ('80000000-0000-4000-8000-000000000101', '30000000-0000-4000-8000-000000001009', '20000000-0000-4000-8000-000000000001', 'electricity', 'monthly', 2026, 3, '2026-03-27', 5272, false, 'Current electricity reading from Excel 03/2026'),
  ('80000000-0000-4000-8000-000000000102', '30000000-0000-4000-8000-000000001009', '20000000-0000-4000-8000-000000000001', 'water', 'monthly', 2026, 3, '2026-03-27', 270, false, 'Current water reading from Excel 03/2026'),
  ('80000000-0000-4000-8000-000000000103', '30000000-0000-4000-8000-000000001010', '20000000-0000-4000-8000-000000000001', 'electricity', 'monthly', 2026, 3, '2026-03-27', 3395, false, 'Current electricity reading from Excel 03/2026'),
  ('80000000-0000-4000-8000-000000000104', '30000000-0000-4000-8000-000000001010', '20000000-0000-4000-8000-000000000001', 'water', 'monthly', 2026, 3, '2026-03-27', 299, false, 'Current water reading from Excel 03/2026'),
  ('80000000-0000-4000-8000-000000000105', '30000000-0000-4000-8000-000000001011', '20000000-0000-4000-8000-000000000001', 'electricity', 'monthly', 2026, 3, '2026-03-27', 3963, false, 'Current electricity reading from Excel 03/2026'),
  ('80000000-0000-4000-8000-000000000106', '30000000-0000-4000-8000-000000001011', '20000000-0000-4000-8000-000000000001', 'water', 'monthly', 2026, 3, '2026-03-27', 263, false, 'Current water reading from Excel 03/2026'),
  ('80000000-0000-4000-8000-000000000107', '30000000-0000-4000-8000-000000001012', '20000000-0000-4000-8000-000000000001', 'electricity', 'monthly', 2026, 3, '2026-03-27', 2987, false, 'Current electricity reading from Excel 03/2026'),
  ('80000000-0000-4000-8000-000000000108', '30000000-0000-4000-8000-000000001012', '20000000-0000-4000-8000-000000000001', 'water', 'monthly', 2026, 3, '2026-03-27', 258, false, 'Current water reading from Excel 03/2026'),
  ('80000000-0000-4000-8000-000000000109', '30000000-0000-4000-8000-000000001013', '20000000-0000-4000-8000-000000000001', 'electricity', 'monthly', 2026, 3, '2026-03-27', 4889, false, 'Current electricity reading from Excel 03/2026'),
  ('80000000-0000-4000-8000-000000000110', '30000000-0000-4000-8000-000000001013', '20000000-0000-4000-8000-000000000001', 'water', 'monthly', 2026, 3, '2026-03-27', 440, false, 'Current water reading from Excel 03/2026'),
  ('80000000-0000-4000-8000-000000000111', '30000000-0000-4000-8000-000000001014', '20000000-0000-4000-8000-000000000001', 'electricity', 'monthly', 2026, 3, '2026-03-27', 7523, false, 'Current electricity reading from Excel 03/2026'),
  ('80000000-0000-4000-8000-000000000112', '30000000-0000-4000-8000-000000001014', '20000000-0000-4000-8000-000000000001', 'water', 'monthly', 2026, 3, '2026-03-27', 596, false, 'Current water reading from Excel 03/2026'),
  ('80000000-0000-4000-8000-000000000113', '30000000-0000-4000-8000-000000001001', '20000000-0000-4000-8000-000000000001', 'electricity', 'monthly', 2026, 4, '2026-04-27', 2926, false, 'Current electricity reading from Excel 04/2026'),
  ('80000000-0000-4000-8000-000000000114', '30000000-0000-4000-8000-000000001001', '20000000-0000-4000-8000-000000000001', 'water', 'monthly', 2026, 4, '2026-04-27', 164, false, 'Current water reading from Excel 04/2026'),
  ('80000000-0000-4000-8000-000000000115', '30000000-0000-4000-8000-000000001002', '20000000-0000-4000-8000-000000000001', 'electricity', 'monthly', 2026, 4, '2026-04-27', 2755, false, 'Current electricity reading from Excel 04/2026'),
  ('80000000-0000-4000-8000-000000000116', '30000000-0000-4000-8000-000000001002', '20000000-0000-4000-8000-000000000001', 'water', 'monthly', 2026, 4, '2026-04-27', 438, false, 'Current water reading from Excel 04/2026'),
  ('80000000-0000-4000-8000-000000000117', '30000000-0000-4000-8000-000000001003', '20000000-0000-4000-8000-000000000001', 'electricity', 'monthly', 2026, 4, '2026-04-27', 6441, false, 'Current electricity reading from Excel 04/2026'),
  ('80000000-0000-4000-8000-000000000118', '30000000-0000-4000-8000-000000001003', '20000000-0000-4000-8000-000000000001', 'water', 'monthly', 2026, 4, '2026-04-27', 522, false, 'Current water reading from Excel 04/2026'),
  ('80000000-0000-4000-8000-000000000119', '30000000-0000-4000-8000-000000001004', '20000000-0000-4000-8000-000000000001', 'electricity', 'monthly', 2026, 4, '2026-04-27', 4362, false, 'Current electricity reading from Excel 04/2026'),
  ('80000000-0000-4000-8000-000000000120', '30000000-0000-4000-8000-000000001004', '20000000-0000-4000-8000-000000000001', 'water', 'monthly', 2026, 4, '2026-04-27', 211, false, 'Current water reading from Excel 04/2026'),
  ('80000000-0000-4000-8000-000000000121', '30000000-0000-4000-8000-000000001005', '20000000-0000-4000-8000-000000000001', 'electricity', 'monthly', 2026, 4, '2026-04-27', 3335, false, 'Current electricity reading from Excel 04/2026'),
  ('80000000-0000-4000-8000-000000000122', '30000000-0000-4000-8000-000000001005', '20000000-0000-4000-8000-000000000001', 'water', 'monthly', 2026, 4, '2026-04-27', 233, false, 'Current water reading from Excel 04/2026'),
  ('80000000-0000-4000-8000-000000000123', '30000000-0000-4000-8000-000000001006', '20000000-0000-4000-8000-000000000001', 'electricity', 'monthly', 2026, 4, '2026-04-27', 2774, false, 'Current electricity reading from Excel 04/2026'),
  ('80000000-0000-4000-8000-000000000124', '30000000-0000-4000-8000-000000001006', '20000000-0000-4000-8000-000000000001', 'water', 'monthly', 2026, 4, '2026-04-27', 265, false, 'Current water reading from Excel 04/2026'),
  ('80000000-0000-4000-8000-000000000125', '30000000-0000-4000-8000-000000001007', '20000000-0000-4000-8000-000000000001', 'electricity', 'monthly', 2026, 4, '2026-04-27', 5698, false, 'Current electricity reading from Excel 04/2026'),
  ('80000000-0000-4000-8000-000000000126', '30000000-0000-4000-8000-000000001007', '20000000-0000-4000-8000-000000000001', 'water', 'monthly', 2026, 4, '2026-04-27', 385, false, 'Current water reading from Excel 04/2026'),
  ('80000000-0000-4000-8000-000000000127', '30000000-0000-4000-8000-000000001008', '20000000-0000-4000-8000-000000000001', 'electricity', 'monthly', 2026, 4, '2026-04-27', 3165, false, 'Current electricity reading from Excel 04/2026'),
  ('80000000-0000-4000-8000-000000000128', '30000000-0000-4000-8000-000000001008', '20000000-0000-4000-8000-000000000001', 'water', 'monthly', 2026, 4, '2026-04-27', 468, false, 'Current water reading from Excel 04/2026'),
  ('80000000-0000-4000-8000-000000000129', '30000000-0000-4000-8000-000000001009', '20000000-0000-4000-8000-000000000001', 'electricity', 'monthly', 2026, 4, '2026-04-27', 5350, false, 'Current electricity reading from Excel 04/2026'),
  ('80000000-0000-4000-8000-000000000130', '30000000-0000-4000-8000-000000001009', '20000000-0000-4000-8000-000000000001', 'water', 'monthly', 2026, 4, '2026-04-27', 273, false, 'Current water reading from Excel 04/2026'),
  ('80000000-0000-4000-8000-000000000131', '30000000-0000-4000-8000-000000001010', '20000000-0000-4000-8000-000000000001', 'electricity', 'monthly', 2026, 4, '2026-04-27', 3524, false, 'Current electricity reading from Excel 04/2026'),
  ('80000000-0000-4000-8000-000000000132', '30000000-0000-4000-8000-000000001010', '20000000-0000-4000-8000-000000000001', 'water', 'monthly', 2026, 4, '2026-04-27', 304, false, 'Current water reading from Excel 04/2026'),
  ('80000000-0000-4000-8000-000000000133', '30000000-0000-4000-8000-000000001011', '20000000-0000-4000-8000-000000000001', 'electricity', 'monthly', 2026, 4, '2026-04-27', 4038, false, 'Current electricity reading from Excel 04/2026'),
  ('80000000-0000-4000-8000-000000000134', '30000000-0000-4000-8000-000000001011', '20000000-0000-4000-8000-000000000001', 'water', 'monthly', 2026, 4, '2026-04-27', 268, false, 'Current water reading from Excel 04/2026'),
  ('80000000-0000-4000-8000-000000000135', '30000000-0000-4000-8000-000000001012', '20000000-0000-4000-8000-000000000001', 'electricity', 'monthly', 2026, 4, '2026-04-27', 3105, false, 'Current electricity reading from Excel 04/2026'),
  ('80000000-0000-4000-8000-000000000136', '30000000-0000-4000-8000-000000001012', '20000000-0000-4000-8000-000000000001', 'water', 'monthly', 2026, 4, '2026-04-27', 264, false, 'Current water reading from Excel 04/2026'),
  ('80000000-0000-4000-8000-000000000137', '30000000-0000-4000-8000-000000001013', '20000000-0000-4000-8000-000000000001', 'electricity', 'monthly', 2026, 4, '2026-04-27', 4987, false, 'Current electricity reading from Excel 04/2026'),
  ('80000000-0000-4000-8000-000000000138', '30000000-0000-4000-8000-000000001013', '20000000-0000-4000-8000-000000000001', 'water', 'monthly', 2026, 4, '2026-04-27', 449, false, 'Current water reading from Excel 04/2026'),
  ('80000000-0000-4000-8000-000000000139', '30000000-0000-4000-8000-000000001014', '20000000-0000-4000-8000-000000000001', 'electricity', 'monthly', 2026, 4, '2026-04-27', 7645, false, 'Current electricity reading from Excel 04/2026'),
  ('80000000-0000-4000-8000-000000000140', '30000000-0000-4000-8000-000000001014', '20000000-0000-4000-8000-000000000001', 'water', 'monthly', 2026, 4, '2026-04-27', 603, false, 'Current water reading from Excel 04/2026'),
  ('80000000-0000-4000-8000-000000000141', '30000000-0000-4000-8000-000000001001', '20000000-0000-4000-8000-000000000001', 'electricity', 'monthly', 2026, 5, '2026-05-27', 3047, false, 'Current electricity reading from Excel 05/2026'),
  ('80000000-0000-4000-8000-000000000142', '30000000-0000-4000-8000-000000001001', '20000000-0000-4000-8000-000000000001', 'water', 'monthly', 2026, 5, '2026-05-27', 172, false, 'Current water reading from Excel 05/2026'),
  ('80000000-0000-4000-8000-000000000143', '30000000-0000-4000-8000-000000001002', '20000000-0000-4000-8000-000000000001', 'electricity', 'monthly', 2026, 5, '2026-05-27', 2845, false, 'Current electricity reading from Excel 05/2026'),
  ('80000000-0000-4000-8000-000000000144', '30000000-0000-4000-8000-000000001002', '20000000-0000-4000-8000-000000000001', 'water', 'monthly', 2026, 5, '2026-05-27', 452, false, 'Current water reading from Excel 05/2026'),
  ('80000000-0000-4000-8000-000000000145', '30000000-0000-4000-8000-000000001003', '20000000-0000-4000-8000-000000000001', 'electricity', 'monthly', 2026, 5, '2026-05-27', 6514, false, 'Current electricity reading from Excel 05/2026'),
  ('80000000-0000-4000-8000-000000000146', '30000000-0000-4000-8000-000000001003', '20000000-0000-4000-8000-000000000001', 'water', 'monthly', 2026, 5, '2026-05-27', 529, false, 'Current water reading from Excel 05/2026'),
  ('80000000-0000-4000-8000-000000000147', '30000000-0000-4000-8000-000000001004', '20000000-0000-4000-8000-000000000001', 'electricity', 'monthly', 2026, 5, '2026-05-27', 4425, false, 'Current electricity reading from Excel 05/2026'),
  ('80000000-0000-4000-8000-000000000148', '30000000-0000-4000-8000-000000001004', '20000000-0000-4000-8000-000000000001', 'water', 'monthly', 2026, 5, '2026-05-27', 214, false, 'Current water reading from Excel 05/2026'),
  ('80000000-0000-4000-8000-000000000149', '30000000-0000-4000-8000-000000001005', '20000000-0000-4000-8000-000000000001', 'electricity', 'monthly', 2026, 5, '2026-05-27', 3356, false, 'Current electricity reading from Excel 05/2026'),
  ('80000000-0000-4000-8000-000000000150', '30000000-0000-4000-8000-000000001005', '20000000-0000-4000-8000-000000000001', 'water', 'monthly', 2026, 5, '2026-05-27', 237, false, 'Current water reading from Excel 05/2026'),
  ('80000000-0000-4000-8000-000000000151', '30000000-0000-4000-8000-000000001006', '20000000-0000-4000-8000-000000000001', 'electricity', 'monthly', 2026, 5, '2026-05-27', 2800, false, 'Current electricity reading from Excel 05/2026'),
  ('80000000-0000-4000-8000-000000000152', '30000000-0000-4000-8000-000000001006', '20000000-0000-4000-8000-000000000001', 'water', 'monthly', 2026, 5, '2026-05-27', 270, false, 'Current water reading from Excel 05/2026'),
  ('80000000-0000-4000-8000-000000000153', '30000000-0000-4000-8000-000000001007', '20000000-0000-4000-8000-000000000001', 'electricity', 'monthly', 2026, 5, '2026-05-27', 5769, false, 'Current electricity reading from Excel 05/2026'),
  ('80000000-0000-4000-8000-000000000154', '30000000-0000-4000-8000-000000001007', '20000000-0000-4000-8000-000000000001', 'water', 'monthly', 2026, 5, '2026-05-27', 389, false, 'Current water reading from Excel 05/2026'),
  ('80000000-0000-4000-8000-000000000155', '30000000-0000-4000-8000-000000001008', '20000000-0000-4000-8000-000000000001', 'electricity', 'monthly', 2026, 5, '2026-05-27', 3177, false, 'Current electricity reading from Excel 05/2026'),
  ('80000000-0000-4000-8000-000000000156', '30000000-0000-4000-8000-000000001008', '20000000-0000-4000-8000-000000000001', 'water', 'monthly', 2026, 5, '2026-05-27', 472, false, 'Current water reading from Excel 05/2026'),
  ('80000000-0000-4000-8000-000000000157', '30000000-0000-4000-8000-000000001009', '20000000-0000-4000-8000-000000000001', 'electricity', 'monthly', 2026, 5, '2026-05-27', 5447, false, 'Current electricity reading from Excel 05/2026'),
  ('80000000-0000-4000-8000-000000000158', '30000000-0000-4000-8000-000000001009', '20000000-0000-4000-8000-000000000001', 'water', 'monthly', 2026, 5, '2026-05-27', 277, false, 'Current water reading from Excel 05/2026'),
  ('80000000-0000-4000-8000-000000000159', '30000000-0000-4000-8000-000000001010', '20000000-0000-4000-8000-000000000001', 'electricity', 'monthly', 2026, 5, '2026-05-27', 3663, false, 'Current electricity reading from Excel 05/2026'),
  ('80000000-0000-4000-8000-000000000160', '30000000-0000-4000-8000-000000001010', '20000000-0000-4000-8000-000000000001', 'water', 'monthly', 2026, 5, '2026-05-27', 310, false, 'Current water reading from Excel 05/2026'),
  ('80000000-0000-4000-8000-000000000161', '30000000-0000-4000-8000-000000001011', '20000000-0000-4000-8000-000000000001', 'electricity', 'monthly', 2026, 5, '2026-05-27', 4107, false, 'Current electricity reading from Excel 05/2026'),
  ('80000000-0000-4000-8000-000000000162', '30000000-0000-4000-8000-000000001011', '20000000-0000-4000-8000-000000000001', 'water', 'monthly', 2026, 5, '2026-05-27', 272, false, 'Current water reading from Excel 05/2026'),
  ('80000000-0000-4000-8000-000000000163', '30000000-0000-4000-8000-000000001012', '20000000-0000-4000-8000-000000000001', 'electricity', 'monthly', 2026, 5, '2026-05-27', 3236, false, 'Current electricity reading from Excel 05/2026'),
  ('80000000-0000-4000-8000-000000000164', '30000000-0000-4000-8000-000000001012', '20000000-0000-4000-8000-000000000001', 'water', 'monthly', 2026, 5, '2026-05-27', 273, false, 'Current water reading from Excel 05/2026'),
  ('80000000-0000-4000-8000-000000000165', '30000000-0000-4000-8000-000000001013', '20000000-0000-4000-8000-000000000001', 'electricity', 'monthly', 2026, 5, '2026-05-27', 5084, false, 'Current electricity reading from Excel 05/2026'),
  ('80000000-0000-4000-8000-000000000166', '30000000-0000-4000-8000-000000001013', '20000000-0000-4000-8000-000000000001', 'water', 'monthly', 2026, 5, '2026-05-27', 457, false, 'Current water reading from Excel 05/2026'),
  ('80000000-0000-4000-8000-000000000167', '30000000-0000-4000-8000-000000001014', '20000000-0000-4000-8000-000000000001', 'electricity', 'monthly', 2026, 5, '2026-05-27', 7799, false, 'Current electricity reading from Excel 05/2026'),
  ('80000000-0000-4000-8000-000000000168', '30000000-0000-4000-8000-000000001014', '20000000-0000-4000-8000-000000000001', 'water', 'monthly', 2026, 5, '2026-05-27', 613, false, 'Current water reading from Excel 05/2026'),
  ('80000000-0000-4000-8000-000000000169', '30000000-0000-4000-8000-000000001001', '20000000-0000-4000-8000-000000000001', 'electricity', 'monthly', 2026, 6, '2026-06-27', 3168, false, 'Current electricity reading from Excel 06/2026'),
  ('80000000-0000-4000-8000-000000000170', '30000000-0000-4000-8000-000000001001', '20000000-0000-4000-8000-000000000001', 'water', 'monthly', 2026, 6, '2026-06-27', 181, false, 'Current water reading from Excel 06/2026'),
  ('80000000-0000-4000-8000-000000000171', '30000000-0000-4000-8000-000000001002', '20000000-0000-4000-8000-000000000001', 'electricity', 'monthly', 2026, 6, '2026-06-27', 2935, false, 'Current electricity reading from Excel 06/2026'),
  ('80000000-0000-4000-8000-000000000172', '30000000-0000-4000-8000-000000001002', '20000000-0000-4000-8000-000000000001', 'water', 'monthly', 2026, 6, '2026-06-27', 466, false, 'Current water reading from Excel 06/2026'),
  ('80000000-0000-4000-8000-000000000173', '30000000-0000-4000-8000-000000001003', '20000000-0000-4000-8000-000000000001', 'electricity', 'monthly', 2026, 6, '2026-06-27', 6583, false, 'Current electricity reading from Excel 06/2026'),
  ('80000000-0000-4000-8000-000000000174', '30000000-0000-4000-8000-000000001003', '20000000-0000-4000-8000-000000000001', 'water', 'monthly', 2026, 6, '2026-06-27', 536, false, 'Current water reading from Excel 06/2026'),
  ('80000000-0000-4000-8000-000000000175', '30000000-0000-4000-8000-000000001004', '20000000-0000-4000-8000-000000000001', 'electricity', 'monthly', 2026, 6, '2026-06-27', 4505, false, 'Current electricity reading from Excel 06/2026'),
  ('80000000-0000-4000-8000-000000000176', '30000000-0000-4000-8000-000000001004', '20000000-0000-4000-8000-000000000001', 'water', 'monthly', 2026, 6, '2026-06-27', 219, false, 'Current water reading from Excel 06/2026'),
  ('80000000-0000-4000-8000-000000000177', '30000000-0000-4000-8000-000000001005', '20000000-0000-4000-8000-000000000001', 'electricity', 'monthly', 2026, 6, '2026-06-27', 3395, false, 'Current electricity reading from Excel 06/2026'),
  ('80000000-0000-4000-8000-000000000178', '30000000-0000-4000-8000-000000001005', '20000000-0000-4000-8000-000000000001', 'water', 'monthly', 2026, 6, '2026-06-27', 242, false, 'Current water reading from Excel 06/2026'),
  ('80000000-0000-4000-8000-000000000179', '30000000-0000-4000-8000-000000001006', '20000000-0000-4000-8000-000000000001', 'electricity', 'monthly', 2026, 6, '2026-06-27', 2858, false, 'Current electricity reading from Excel 06/2026'),
  ('80000000-0000-4000-8000-000000000180', '30000000-0000-4000-8000-000000001006', '20000000-0000-4000-8000-000000000001', 'water', 'monthly', 2026, 6, '2026-06-27', 277, false, 'Current water reading from Excel 06/2026'),
  ('80000000-0000-4000-8000-000000000181', '30000000-0000-4000-8000-000000001007', '20000000-0000-4000-8000-000000000001', 'electricity', 'monthly', 2026, 6, '2026-06-27', 5844, false, 'Current electricity reading from Excel 06/2026'),
  ('80000000-0000-4000-8000-000000000182', '30000000-0000-4000-8000-000000001007', '20000000-0000-4000-8000-000000000001', 'water', 'monthly', 2026, 6, '2026-06-27', 394, false, 'Current water reading from Excel 06/2026'),
  ('80000000-0000-4000-8000-000000000183', '30000000-0000-4000-8000-000000001008', '20000000-0000-4000-8000-000000000001', 'electricity', 'monthly', 2026, 6, '2026-06-27', 3190, false, 'Current electricity reading from Excel 06/2026'),
  ('80000000-0000-4000-8000-000000000184', '30000000-0000-4000-8000-000000001008', '20000000-0000-4000-8000-000000000001', 'water', 'monthly', 2026, 6, '2026-06-27', 475, false, 'Current water reading from Excel 06/2026'),
  ('80000000-0000-4000-8000-000000000185', '30000000-0000-4000-8000-000000001009', '20000000-0000-4000-8000-000000000001', 'electricity', 'monthly', 2026, 6, '2026-06-27', 5559, false, 'Current electricity reading from Excel 06/2026'),
  ('80000000-0000-4000-8000-000000000186', '30000000-0000-4000-8000-000000001009', '20000000-0000-4000-8000-000000000001', 'water', 'monthly', 2026, 6, '2026-06-27', 279, false, 'Current water reading from Excel 06/2026'),
  ('80000000-0000-4000-8000-000000000187', '30000000-0000-4000-8000-000000001010', '20000000-0000-4000-8000-000000000001', 'electricity', 'monthly', 2026, 6, '2026-06-27', 3868, false, 'Current electricity reading from Excel 06/2026'),
  ('80000000-0000-4000-8000-000000000188', '30000000-0000-4000-8000-000000001010', '20000000-0000-4000-8000-000000000001', 'water', 'monthly', 2026, 6, '2026-06-27', 316, false, 'Current water reading from Excel 06/2026'),
  ('80000000-0000-4000-8000-000000000189', '30000000-0000-4000-8000-000000001011', '20000000-0000-4000-8000-000000000001', 'electricity', 'monthly', 2026, 6, '2026-06-27', 4217, false, 'Current electricity reading from Excel 06/2026'),
  ('80000000-0000-4000-8000-000000000190', '30000000-0000-4000-8000-000000001011', '20000000-0000-4000-8000-000000000001', 'water', 'monthly', 2026, 6, '2026-06-27', 282, false, 'Current water reading from Excel 06/2026'),
  ('80000000-0000-4000-8000-000000000191', '30000000-0000-4000-8000-000000001012', '20000000-0000-4000-8000-000000000001', 'electricity', 'monthly', 2026, 6, '2026-06-27', 3418, false, 'Current electricity reading from Excel 06/2026'),
  ('80000000-0000-4000-8000-000000000192', '30000000-0000-4000-8000-000000001012', '20000000-0000-4000-8000-000000000001', 'water', 'monthly', 2026, 6, '2026-06-27', 276, false, 'Current water reading from Excel 06/2026'),
  ('80000000-0000-4000-8000-000000000193', '30000000-0000-4000-8000-000000001013', '20000000-0000-4000-8000-000000000001', 'electricity', 'monthly', 2026, 6, '2026-06-27', 5187, false, 'Current electricity reading from Excel 06/2026'),
  ('80000000-0000-4000-8000-000000000194', '30000000-0000-4000-8000-000000001013', '20000000-0000-4000-8000-000000000001', 'water', 'monthly', 2026, 6, '2026-06-27', 467, false, 'Current water reading from Excel 06/2026'),
  ('80000000-0000-4000-8000-000000000195', '30000000-0000-4000-8000-000000001014', '20000000-0000-4000-8000-000000000001', 'electricity', 'monthly', 2026, 6, '2026-06-27', 7962, false, 'Current electricity reading from Excel 06/2026'),
  ('80000000-0000-4000-8000-000000000196', '30000000-0000-4000-8000-000000001014', '20000000-0000-4000-8000-000000000001', 'water', 'monthly', 2026, 6, '2026-06-27', 623, false, 'Current water reading from Excel 06/2026'),
  ('80000000-0000-4000-8000-000000000197', '30000000-0000-4000-8000-000000002001', '20000000-0000-4000-8000-000000000002', 'electricity', 'monthly', 2025, 12, '2025-12-28', 3172, false, 'Baseline from Jan 2026 Excel previous electricity reading'),
  ('80000000-0000-4000-8000-000000000198', '30000000-0000-4000-8000-000000002001', '20000000-0000-4000-8000-000000000002', 'water', 'monthly', 2025, 12, '2025-12-28', 481, false, 'Baseline from Jan 2026 Excel previous water reading'),
  ('80000000-0000-4000-8000-000000000199', '30000000-0000-4000-8000-000000002002', '20000000-0000-4000-8000-000000000002', 'electricity', 'monthly', 2025, 12, '2025-12-28', 3688, false, 'Baseline from Jan 2026 Excel previous electricity reading'),
  ('80000000-0000-4000-8000-000000000200', '30000000-0000-4000-8000-000000002002', '20000000-0000-4000-8000-000000000002', 'water', 'monthly', 2025, 12, '2025-12-28', 499, false, 'Baseline from Jan 2026 Excel previous water reading'),
  ('80000000-0000-4000-8000-000000000201', '30000000-0000-4000-8000-000000002003', '20000000-0000-4000-8000-000000000002', 'electricity', 'monthly', 2025, 12, '2025-12-28', 4347, false, 'Baseline from Jan 2026 Excel previous electricity reading'),
  ('80000000-0000-4000-8000-000000000202', '30000000-0000-4000-8000-000000002003', '20000000-0000-4000-8000-000000000002', 'water', 'monthly', 2025, 12, '2025-12-28', 426, false, 'Baseline from Jan 2026 Excel previous water reading'),
  ('80000000-0000-4000-8000-000000000203', '30000000-0000-4000-8000-000000002004', '20000000-0000-4000-8000-000000000002', 'electricity', 'monthly', 2025, 12, '2025-12-28', 1836, false, 'Baseline from Jan 2026 Excel previous electricity reading'),
  ('80000000-0000-4000-8000-000000000204', '30000000-0000-4000-8000-000000002004', '20000000-0000-4000-8000-000000000002', 'water', 'monthly', 2025, 12, '2025-12-28', 436, false, 'Baseline from Jan 2026 Excel previous water reading'),
  ('80000000-0000-4000-8000-000000000205', '30000000-0000-4000-8000-000000002005', '20000000-0000-4000-8000-000000000002', 'electricity', 'monthly', 2025, 12, '2025-12-28', 1825, false, 'Baseline from Jan 2026 Excel previous electricity reading'),
  ('80000000-0000-4000-8000-000000000206', '30000000-0000-4000-8000-000000002005', '20000000-0000-4000-8000-000000000002', 'water', 'monthly', 2025, 12, '2025-12-28', 320, false, 'Baseline from Jan 2026 Excel previous water reading'),
  ('80000000-0000-4000-8000-000000000207', '30000000-0000-4000-8000-000000002006', '20000000-0000-4000-8000-000000000002', 'electricity', 'monthly', 2025, 12, '2025-12-28', 1897, false, 'Baseline from Jan 2026 Excel previous electricity reading'),
  ('80000000-0000-4000-8000-000000000208', '30000000-0000-4000-8000-000000002006', '20000000-0000-4000-8000-000000000002', 'water', 'monthly', 2025, 12, '2025-12-28', 398, false, 'Baseline from Jan 2026 Excel previous water reading'),
  ('80000000-0000-4000-8000-000000000209', '30000000-0000-4000-8000-000000002007', '20000000-0000-4000-8000-000000000002', 'electricity', 'monthly', 2025, 12, '2025-12-28', 5873, false, 'Baseline from Jan 2026 Excel previous electricity reading'),
  ('80000000-0000-4000-8000-000000000210', '30000000-0000-4000-8000-000000002007', '20000000-0000-4000-8000-000000000002', 'water', 'monthly', 2025, 12, '2025-12-28', 833, false, 'Baseline from Jan 2026 Excel previous water reading'),
  ('80000000-0000-4000-8000-000000000211', '30000000-0000-4000-8000-000000002008', '20000000-0000-4000-8000-000000000002', 'electricity', 'monthly', 2025, 12, '2025-12-28', 6251, false, 'Baseline from Jan 2026 Excel previous electricity reading'),
  ('80000000-0000-4000-8000-000000000212', '30000000-0000-4000-8000-000000002008', '20000000-0000-4000-8000-000000000002', 'water', 'monthly', 2025, 12, '2025-12-28', 472, false, 'Baseline from Jan 2026 Excel previous water reading'),
  ('80000000-0000-4000-8000-000000000213', '30000000-0000-4000-8000-000000002009', '20000000-0000-4000-8000-000000000002', 'electricity', 'monthly', 2025, 12, '2025-12-28', 3094, false, 'Baseline from Jan 2026 Excel previous electricity reading'),
  ('80000000-0000-4000-8000-000000000214', '30000000-0000-4000-8000-000000002009', '20000000-0000-4000-8000-000000000002', 'water', 'monthly', 2025, 12, '2025-12-28', 492, false, 'Baseline from Jan 2026 Excel previous water reading'),
  ('80000000-0000-4000-8000-000000000215', '30000000-0000-4000-8000-000000002010', '20000000-0000-4000-8000-000000000002', 'electricity', 'monthly', 2025, 12, '2025-12-28', 2935, false, 'Baseline from Jan 2026 Excel previous electricity reading'),
  ('80000000-0000-4000-8000-000000000216', '30000000-0000-4000-8000-000000002010', '20000000-0000-4000-8000-000000000002', 'water', 'monthly', 2025, 12, '2025-12-28', 431, false, 'Baseline from Jan 2026 Excel previous water reading'),
  ('80000000-0000-4000-8000-000000000217', '30000000-0000-4000-8000-000000002011', '20000000-0000-4000-8000-000000000002', 'electricity', 'monthly', 2025, 12, '2025-12-28', 1858, false, 'Baseline from Jan 2026 Excel previous electricity reading'),
  ('80000000-0000-4000-8000-000000000218', '30000000-0000-4000-8000-000000002011', '20000000-0000-4000-8000-000000000002', 'water', 'monthly', 2025, 12, '2025-12-28', 580, false, 'Baseline from Jan 2026 Excel previous water reading'),
  ('80000000-0000-4000-8000-000000000219', '30000000-0000-4000-8000-000000002012', '20000000-0000-4000-8000-000000000002', 'electricity', 'monthly', 2025, 12, '2025-12-28', 2578, false, 'Baseline from Jan 2026 Excel previous electricity reading'),
  ('80000000-0000-4000-8000-000000000220', '30000000-0000-4000-8000-000000002012', '20000000-0000-4000-8000-000000000002', 'water', 'monthly', 2025, 12, '2025-12-28', 378, false, 'Baseline from Jan 2026 Excel previous water reading'),
  ('80000000-0000-4000-8000-000000000221', '30000000-0000-4000-8000-000000002013', '20000000-0000-4000-8000-000000000002', 'electricity', 'monthly', 2025, 12, '2025-12-28', 4193, false, 'Baseline from Jan 2026 Excel previous electricity reading'),
  ('80000000-0000-4000-8000-000000000222', '30000000-0000-4000-8000-000000002013', '20000000-0000-4000-8000-000000000002', 'water', 'monthly', 2025, 12, '2025-12-28', 475, false, 'Baseline from Jan 2026 Excel previous water reading'),
  ('80000000-0000-4000-8000-000000000223', '30000000-0000-4000-8000-000000002014', '20000000-0000-4000-8000-000000000002', 'electricity', 'monthly', 2025, 12, '2025-12-28', 3516, false, 'Baseline from Jan 2026 Excel previous electricity reading'),
  ('80000000-0000-4000-8000-000000000224', '30000000-0000-4000-8000-000000002014', '20000000-0000-4000-8000-000000000002', 'water', 'monthly', 2025, 12, '2025-12-28', 497, false, 'Baseline from Jan 2026 Excel previous water reading'),
  ('80000000-0000-4000-8000-000000000225', '30000000-0000-4000-8000-000000002015', '20000000-0000-4000-8000-000000000002', 'electricity', 'monthly', 2025, 12, '2025-12-28', 9540, false, 'Baseline from Jan 2026 Excel previous electricity reading'),
  ('80000000-0000-4000-8000-000000000226', '30000000-0000-4000-8000-000000002015', '20000000-0000-4000-8000-000000000002', 'water', 'monthly', 2025, 12, '2025-12-28', 1316, false, 'Baseline from Jan 2026 Excel previous water reading'),
  ('80000000-0000-4000-8000-000000000227', '30000000-0000-4000-8000-000000002016', '20000000-0000-4000-8000-000000000002', 'electricity', 'monthly', 2025, 12, '2025-12-28', 6828, false, 'Baseline from Jan 2026 Excel previous electricity reading'),
  ('80000000-0000-4000-8000-000000000228', '30000000-0000-4000-8000-000000002016', '20000000-0000-4000-8000-000000000002', 'water', 'monthly', 2025, 12, '2025-12-28', 888, false, 'Baseline from Jan 2026 Excel previous water reading'),
  ('80000000-0000-4000-8000-000000000229', '30000000-0000-4000-8000-000000002001', '20000000-0000-4000-8000-000000000002', 'electricity', 'monthly', 2026, 1, '2026-01-27', 3250, false, 'Current electricity reading from Excel 01/2026'),
  ('80000000-0000-4000-8000-000000000230', '30000000-0000-4000-8000-000000002001', '20000000-0000-4000-8000-000000000002', 'water', 'monthly', 2026, 1, '2026-01-27', 486, false, 'Current water reading from Excel 01/2026'),
  ('80000000-0000-4000-8000-000000000231', '30000000-0000-4000-8000-000000002002', '20000000-0000-4000-8000-000000000002', 'electricity', 'monthly', 2026, 1, '2026-01-27', 3771, false, 'Current electricity reading from Excel 01/2026'),
  ('80000000-0000-4000-8000-000000000232', '30000000-0000-4000-8000-000000002002', '20000000-0000-4000-8000-000000000002', 'water', 'monthly', 2026, 1, '2026-01-27', 518, false, 'Current water reading from Excel 01/2026'),
  ('80000000-0000-4000-8000-000000000233', '30000000-0000-4000-8000-000000002003', '20000000-0000-4000-8000-000000000002', 'electricity', 'monthly', 2026, 1, '2026-01-27', 4420, false, 'Current electricity reading from Excel 01/2026'),
  ('80000000-0000-4000-8000-000000000234', '30000000-0000-4000-8000-000000002003', '20000000-0000-4000-8000-000000000002', 'water', 'monthly', 2026, 1, '2026-01-27', 434, false, 'Current water reading from Excel 01/2026'),
  ('80000000-0000-4000-8000-000000000235', '30000000-0000-4000-8000-000000002004', '20000000-0000-4000-8000-000000000002', 'electricity', 'monthly', 2026, 1, '2026-01-27', 1854, false, 'Current electricity reading from Excel 01/2026'),
  ('80000000-0000-4000-8000-000000000236', '30000000-0000-4000-8000-000000002004', '20000000-0000-4000-8000-000000000002', 'water', 'monthly', 2026, 1, '2026-01-27', 443, false, 'Current water reading from Excel 01/2026'),
  ('80000000-0000-4000-8000-000000000237', '30000000-0000-4000-8000-000000002005', '20000000-0000-4000-8000-000000000002', 'electricity', 'monthly', 2026, 1, '2026-01-27', 1845, false, 'Current electricity reading from Excel 01/2026'),
  ('80000000-0000-4000-8000-000000000238', '30000000-0000-4000-8000-000000002005', '20000000-0000-4000-8000-000000000002', 'water', 'monthly', 2026, 1, '2026-01-27', 322, false, 'Current water reading from Excel 01/2026'),
  ('80000000-0000-4000-8000-000000000239', '30000000-0000-4000-8000-000000002006', '20000000-0000-4000-8000-000000000002', 'electricity', 'monthly', 2026, 1, '2026-01-27', 1920, false, 'Current electricity reading from Excel 01/2026'),
  ('80000000-0000-4000-8000-000000000240', '30000000-0000-4000-8000-000000002006', '20000000-0000-4000-8000-000000000002', 'water', 'monthly', 2026, 1, '2026-01-27', 401, false, 'Current water reading from Excel 01/2026'),
  ('80000000-0000-4000-8000-000000000241', '30000000-0000-4000-8000-000000002007', '20000000-0000-4000-8000-000000000002', 'electricity', 'monthly', 2026, 1, '2026-01-27', 5903, false, 'Current electricity reading from Excel 01/2026'),
  ('80000000-0000-4000-8000-000000000242', '30000000-0000-4000-8000-000000002007', '20000000-0000-4000-8000-000000000002', 'water', 'monthly', 2026, 1, '2026-01-27', 836, false, 'Current water reading from Excel 01/2026'),
  ('80000000-0000-4000-8000-000000000243', '30000000-0000-4000-8000-000000002008', '20000000-0000-4000-8000-000000000002', 'electricity', 'monthly', 2026, 1, '2026-01-27', 6366, false, 'Current electricity reading from Excel 01/2026'),
  ('80000000-0000-4000-8000-000000000244', '30000000-0000-4000-8000-000000002008', '20000000-0000-4000-8000-000000000002', 'water', 'monthly', 2026, 1, '2026-01-27', 480, false, 'Current water reading from Excel 01/2026'),
  ('80000000-0000-4000-8000-000000000245', '30000000-0000-4000-8000-000000002009', '20000000-0000-4000-8000-000000000002', 'electricity', 'monthly', 2026, 1, '2026-01-27', 3139, false, 'Current electricity reading from Excel 01/2026'),
  ('80000000-0000-4000-8000-000000000246', '30000000-0000-4000-8000-000000002009', '20000000-0000-4000-8000-000000000002', 'water', 'monthly', 2026, 1, '2026-01-27', 502, false, 'Current water reading from Excel 01/2026'),
  ('80000000-0000-4000-8000-000000000247', '30000000-0000-4000-8000-000000002010', '20000000-0000-4000-8000-000000000002', 'electricity', 'monthly', 2026, 1, '2026-01-27', 2950, false, 'Current electricity reading from Excel 01/2026'),
  ('80000000-0000-4000-8000-000000000248', '30000000-0000-4000-8000-000000002010', '20000000-0000-4000-8000-000000000002', 'water', 'monthly', 2026, 1, '2026-01-27', 437, false, 'Current water reading from Excel 01/2026'),
  ('80000000-0000-4000-8000-000000000249', '30000000-0000-4000-8000-000000002011', '20000000-0000-4000-8000-000000000002', 'electricity', 'monthly', 2026, 1, '2026-01-27', 1886, false, 'Current electricity reading from Excel 01/2026'),
  ('80000000-0000-4000-8000-000000000250', '30000000-0000-4000-8000-000000002011', '20000000-0000-4000-8000-000000000002', 'water', 'monthly', 2026, 1, '2026-01-27', 589, false, 'Current water reading from Excel 01/2026'),
  ('80000000-0000-4000-8000-000000000251', '30000000-0000-4000-8000-000000002012', '20000000-0000-4000-8000-000000000002', 'electricity', 'monthly', 2026, 1, '2026-01-27', 2646, false, 'Current electricity reading from Excel 01/2026'),
  ('80000000-0000-4000-8000-000000000252', '30000000-0000-4000-8000-000000002012', '20000000-0000-4000-8000-000000000002', 'water', 'monthly', 2026, 1, '2026-01-27', 382, false, 'Current water reading from Excel 01/2026'),
  ('80000000-0000-4000-8000-000000000253', '30000000-0000-4000-8000-000000002013', '20000000-0000-4000-8000-000000000002', 'electricity', 'monthly', 2026, 1, '2026-01-27', 4304, false, 'Current electricity reading from Excel 01/2026'),
  ('80000000-0000-4000-8000-000000000254', '30000000-0000-4000-8000-000000002013', '20000000-0000-4000-8000-000000000002', 'water', 'monthly', 2026, 1, '2026-01-27', 478, false, 'Current water reading from Excel 01/2026'),
  ('80000000-0000-4000-8000-000000000255', '30000000-0000-4000-8000-000000002014', '20000000-0000-4000-8000-000000000002', 'electricity', 'monthly', 2026, 1, '2026-01-27', 3604, false, 'Current electricity reading from Excel 01/2026'),
  ('80000000-0000-4000-8000-000000000256', '30000000-0000-4000-8000-000000002014', '20000000-0000-4000-8000-000000000002', 'water', 'monthly', 2026, 1, '2026-01-27', 500, false, 'Current water reading from Excel 01/2026'),
  ('80000000-0000-4000-8000-000000000257', '30000000-0000-4000-8000-000000002015', '20000000-0000-4000-8000-000000000002', 'electricity', 'monthly', 2026, 1, '2026-01-27', 9724, false, 'Current electricity reading from Excel 01/2026'),
  ('80000000-0000-4000-8000-000000000258', '30000000-0000-4000-8000-000000002015', '20000000-0000-4000-8000-000000000002', 'water', 'monthly', 2026, 1, '2026-01-27', 1324, false, 'Current water reading from Excel 01/2026'),
  ('80000000-0000-4000-8000-000000000259', '30000000-0000-4000-8000-000000002016', '20000000-0000-4000-8000-000000000002', 'electricity', 'monthly', 2026, 1, '2026-01-27', 6883, false, 'Current electricity reading from Excel 01/2026'),
  ('80000000-0000-4000-8000-000000000260', '30000000-0000-4000-8000-000000002016', '20000000-0000-4000-8000-000000000002', 'water', 'monthly', 2026, 1, '2026-01-27', 893, false, 'Current water reading from Excel 01/2026'),
  ('80000000-0000-4000-8000-000000000261', '30000000-0000-4000-8000-000000002001', '20000000-0000-4000-8000-000000000002', 'electricity', 'monthly', 2026, 2, '2026-02-27', 3324, false, 'Current electricity reading from Excel 02/2026'),
  ('80000000-0000-4000-8000-000000000262', '30000000-0000-4000-8000-000000002001', '20000000-0000-4000-8000-000000000002', 'water', 'monthly', 2026, 2, '2026-02-27', 492, false, 'Current water reading from Excel 02/2026'),
  ('80000000-0000-4000-8000-000000000263', '30000000-0000-4000-8000-000000002002', '20000000-0000-4000-8000-000000000002', 'electricity', 'monthly', 2026, 2, '2026-02-27', 3853, false, 'Current electricity reading from Excel 02/2026'),
  ('80000000-0000-4000-8000-000000000264', '30000000-0000-4000-8000-000000002002', '20000000-0000-4000-8000-000000000002', 'water', 'monthly', 2026, 2, '2026-02-27', 536, false, 'Current water reading from Excel 02/2026'),
  ('80000000-0000-4000-8000-000000000265', '30000000-0000-4000-8000-000000002003', '20000000-0000-4000-8000-000000000002', 'electricity', 'monthly', 2026, 2, '2026-02-27', 4487, false, 'Current electricity reading from Excel 02/2026'),
  ('80000000-0000-4000-8000-000000000266', '30000000-0000-4000-8000-000000002003', '20000000-0000-4000-8000-000000000002', 'water', 'monthly', 2026, 2, '2026-02-27', 442, false, 'Current water reading from Excel 02/2026'),
  ('80000000-0000-4000-8000-000000000267', '30000000-0000-4000-8000-000000002004', '20000000-0000-4000-8000-000000000002', 'electricity', 'monthly', 2026, 2, '2026-02-27', 1871, false, 'Current electricity reading from Excel 02/2026'),
  ('80000000-0000-4000-8000-000000000268', '30000000-0000-4000-8000-000000002004', '20000000-0000-4000-8000-000000000002', 'water', 'monthly', 2026, 2, '2026-02-27', 450, false, 'Current water reading from Excel 02/2026'),
  ('80000000-0000-4000-8000-000000000269', '30000000-0000-4000-8000-000000002005', '20000000-0000-4000-8000-000000000002', 'electricity', 'monthly', 2026, 2, '2026-02-27', 1862, false, 'Current electricity reading from Excel 02/2026'),
  ('80000000-0000-4000-8000-000000000270', '30000000-0000-4000-8000-000000002005', '20000000-0000-4000-8000-000000000002', 'water', 'monthly', 2026, 2, '2026-02-27', 328, false, 'Current water reading from Excel 02/2026'),
  ('80000000-0000-4000-8000-000000000271', '30000000-0000-4000-8000-000000002006', '20000000-0000-4000-8000-000000000002', 'electricity', 'monthly', 2026, 2, '2026-02-27', 1943, false, 'Current electricity reading from Excel 02/2026'),
  ('80000000-0000-4000-8000-000000000272', '30000000-0000-4000-8000-000000002006', '20000000-0000-4000-8000-000000000002', 'water', 'monthly', 2026, 2, '2026-02-27', 405, false, 'Current water reading from Excel 02/2026'),
  ('80000000-0000-4000-8000-000000000273', '30000000-0000-4000-8000-000000002007', '20000000-0000-4000-8000-000000000002', 'electricity', 'monthly', 2026, 2, '2026-02-27', 5924, false, 'Current electricity reading from Excel 02/2026'),
  ('80000000-0000-4000-8000-000000000274', '30000000-0000-4000-8000-000000002007', '20000000-0000-4000-8000-000000000002', 'water', 'monthly', 2026, 2, '2026-02-27', 837, false, 'Current water reading from Excel 02/2026'),
  ('80000000-0000-4000-8000-000000000275', '30000000-0000-4000-8000-000000002008', '20000000-0000-4000-8000-000000000002', 'electricity', 'monthly', 2026, 2, '2026-02-27', 6420, false, 'Current electricity reading from Excel 02/2026'),
  ('80000000-0000-4000-8000-000000000276', '30000000-0000-4000-8000-000000002008', '20000000-0000-4000-8000-000000000002', 'water', 'monthly', 2026, 2, '2026-02-27', 482, false, 'Current water reading from Excel 02/2026'),
  ('80000000-0000-4000-8000-000000000277', '30000000-0000-4000-8000-000000002009', '20000000-0000-4000-8000-000000000002', 'electricity', 'monthly', 2026, 2, '2026-02-27', 3182, false, 'Current electricity reading from Excel 02/2026'),
  ('80000000-0000-4000-8000-000000000278', '30000000-0000-4000-8000-000000002009', '20000000-0000-4000-8000-000000000002', 'water', 'monthly', 2026, 2, '2026-02-27', 511, false, 'Current water reading from Excel 02/2026'),
  ('80000000-0000-4000-8000-000000000279', '30000000-0000-4000-8000-000000002010', '20000000-0000-4000-8000-000000000002', 'electricity', 'monthly', 2026, 2, '2026-02-27', 2966, false, 'Current electricity reading from Excel 02/2026'),
  ('80000000-0000-4000-8000-000000000280', '30000000-0000-4000-8000-000000002010', '20000000-0000-4000-8000-000000000002', 'water', 'monthly', 2026, 2, '2026-02-27', 443, false, 'Current water reading from Excel 02/2026'),
  ('80000000-0000-4000-8000-000000000281', '30000000-0000-4000-8000-000000002011', '20000000-0000-4000-8000-000000000002', 'electricity', 'monthly', 2026, 2, '2026-02-27', 1919, false, 'Current electricity reading from Excel 02/2026'),
  ('80000000-0000-4000-8000-000000000282', '30000000-0000-4000-8000-000000002011', '20000000-0000-4000-8000-000000000002', 'water', 'monthly', 2026, 2, '2026-02-27', 589, false, 'Current water reading from Excel 02/2026'),
  ('80000000-0000-4000-8000-000000000283', '30000000-0000-4000-8000-000000002012', '20000000-0000-4000-8000-000000000002', 'electricity', 'monthly', 2026, 2, '2026-02-27', 2715, false, 'Current electricity reading from Excel 02/2026'),
  ('80000000-0000-4000-8000-000000000284', '30000000-0000-4000-8000-000000002012', '20000000-0000-4000-8000-000000000002', 'water', 'monthly', 2026, 2, '2026-02-27', 387, false, 'Current water reading from Excel 02/2026'),
  ('80000000-0000-4000-8000-000000000285', '30000000-0000-4000-8000-000000002013', '20000000-0000-4000-8000-000000000002', 'electricity', 'monthly', 2026, 2, '2026-02-27', 4389, false, 'Current electricity reading from Excel 02/2026'),
  ('80000000-0000-4000-8000-000000000286', '30000000-0000-4000-8000-000000002013', '20000000-0000-4000-8000-000000000002', 'water', 'monthly', 2026, 2, '2026-02-27', 483, false, 'Current water reading from Excel 02/2026'),
  ('80000000-0000-4000-8000-000000000287', '30000000-0000-4000-8000-000000002014', '20000000-0000-4000-8000-000000000002', 'electricity', 'monthly', 2026, 2, '2026-02-27', 3690, false, 'Current electricity reading from Excel 02/2026'),
  ('80000000-0000-4000-8000-000000000288', '30000000-0000-4000-8000-000000002014', '20000000-0000-4000-8000-000000000002', 'water', 'monthly', 2026, 2, '2026-02-27', 503, false, 'Current water reading from Excel 02/2026'),
  ('80000000-0000-4000-8000-000000000289', '30000000-0000-4000-8000-000000002015', '20000000-0000-4000-8000-000000000002', 'electricity', 'monthly', 2026, 2, '2026-02-27', 9904, false, 'Current electricity reading from Excel 02/2026'),
  ('80000000-0000-4000-8000-000000000290', '30000000-0000-4000-8000-000000002015', '20000000-0000-4000-8000-000000000002', 'water', 'monthly', 2026, 2, '2026-02-27', 1331, false, 'Current water reading from Excel 02/2026'),
  ('80000000-0000-4000-8000-000000000291', '30000000-0000-4000-8000-000000002016', '20000000-0000-4000-8000-000000000002', 'electricity', 'monthly', 2026, 2, '2026-02-27', 6946, false, 'Current electricity reading from Excel 02/2026'),
  ('80000000-0000-4000-8000-000000000292', '30000000-0000-4000-8000-000000002016', '20000000-0000-4000-8000-000000000002', 'water', 'monthly', 2026, 2, '2026-02-27', 898, false, 'Current water reading from Excel 02/2026'),
  ('80000000-0000-4000-8000-000000000293', '30000000-0000-4000-8000-000000002001', '20000000-0000-4000-8000-000000000002', 'electricity', 'monthly', 2026, 3, '2026-03-27', 3395, false, 'Current electricity reading from Excel 03/2026'),
  ('80000000-0000-4000-8000-000000000294', '30000000-0000-4000-8000-000000002001', '20000000-0000-4000-8000-000000000002', 'water', 'monthly', 2026, 3, '2026-03-27', 496, false, 'Current water reading from Excel 03/2026'),
  ('80000000-0000-4000-8000-000000000295', '30000000-0000-4000-8000-000000002002', '20000000-0000-4000-8000-000000000002', 'electricity', 'monthly', 2026, 3, '2026-03-27', 3893, false, 'Current electricity reading from Excel 03/2026'),
  ('80000000-0000-4000-8000-000000000296', '30000000-0000-4000-8000-000000002002', '20000000-0000-4000-8000-000000000002', 'water', 'monthly', 2026, 3, '2026-03-27', 546, false, 'Current water reading from Excel 03/2026'),
  ('80000000-0000-4000-8000-000000000297', '30000000-0000-4000-8000-000000002003', '20000000-0000-4000-8000-000000000002', 'electricity', 'monthly', 2026, 3, '2026-03-27', 4514, false, 'Current electricity reading from Excel 03/2026'),
  ('80000000-0000-4000-8000-000000000298', '30000000-0000-4000-8000-000000002003', '20000000-0000-4000-8000-000000000002', 'water', 'monthly', 2026, 3, '2026-03-27', 445, false, 'Current water reading from Excel 03/2026'),
  ('80000000-0000-4000-8000-000000000299', '30000000-0000-4000-8000-000000002004', '20000000-0000-4000-8000-000000000002', 'electricity', 'monthly', 2026, 3, '2026-03-27', 1885, false, 'Current electricity reading from Excel 03/2026'),
  ('80000000-0000-4000-8000-000000000300', '30000000-0000-4000-8000-000000002004', '20000000-0000-4000-8000-000000000002', 'water', 'monthly', 2026, 3, '2026-03-27', 455, false, 'Current water reading from Excel 03/2026'),
  ('80000000-0000-4000-8000-000000000301', '30000000-0000-4000-8000-000000002005', '20000000-0000-4000-8000-000000000002', 'electricity', 'monthly', 2026, 3, '2026-03-27', 1877, false, 'Current electricity reading from Excel 03/2026'),
  ('80000000-0000-4000-8000-000000000302', '30000000-0000-4000-8000-000000002005', '20000000-0000-4000-8000-000000000002', 'water', 'monthly', 2026, 3, '2026-03-27', 329, false, 'Current water reading from Excel 03/2026'),
  ('80000000-0000-4000-8000-000000000303', '30000000-0000-4000-8000-000000002006', '20000000-0000-4000-8000-000000000002', 'electricity', 'monthly', 2026, 3, '2026-03-27', 1957, false, 'Current electricity reading from Excel 03/2026'),
  ('80000000-0000-4000-8000-000000000304', '30000000-0000-4000-8000-000000002006', '20000000-0000-4000-8000-000000000002', 'water', 'monthly', 2026, 3, '2026-03-27', 406, false, 'Current water reading from Excel 03/2026'),
  ('80000000-0000-4000-8000-000000000305', '30000000-0000-4000-8000-000000002007', '20000000-0000-4000-8000-000000000002', 'electricity', 'monthly', 2026, 3, '2026-03-27', 5942, false, 'Current electricity reading from Excel 03/2026'),
  ('80000000-0000-4000-8000-000000000306', '30000000-0000-4000-8000-000000002007', '20000000-0000-4000-8000-000000000002', 'water', 'monthly', 2026, 3, '2026-03-27', 839, false, 'Current water reading from Excel 03/2026'),
  ('80000000-0000-4000-8000-000000000307', '30000000-0000-4000-8000-000000002008', '20000000-0000-4000-8000-000000000002', 'electricity', 'monthly', 2026, 3, '2026-03-27', 6433, false, 'Current electricity reading from Excel 03/2026'),
  ('80000000-0000-4000-8000-000000000308', '30000000-0000-4000-8000-000000002008', '20000000-0000-4000-8000-000000000002', 'water', 'monthly', 2026, 3, '2026-03-27', 486, false, 'Current water reading from Excel 03/2026'),
  ('80000000-0000-4000-8000-000000000309', '30000000-0000-4000-8000-000000002009', '20000000-0000-4000-8000-000000000002', 'electricity', 'monthly', 2026, 3, '2026-03-27', 3226, false, 'Current electricity reading from Excel 03/2026'),
  ('80000000-0000-4000-8000-000000000310', '30000000-0000-4000-8000-000000002009', '20000000-0000-4000-8000-000000000002', 'water', 'monthly', 2026, 3, '2026-03-27', 518, false, 'Current water reading from Excel 03/2026'),
  ('80000000-0000-4000-8000-000000000311', '30000000-0000-4000-8000-000000002010', '20000000-0000-4000-8000-000000000002', 'electricity', 'monthly', 2026, 3, '2026-03-27', 2978, false, 'Current electricity reading from Excel 03/2026'),
  ('80000000-0000-4000-8000-000000000312', '30000000-0000-4000-8000-000000002010', '20000000-0000-4000-8000-000000000002', 'water', 'monthly', 2026, 3, '2026-03-27', 448, false, 'Current water reading from Excel 03/2026'),
  ('80000000-0000-4000-8000-000000000313', '30000000-0000-4000-8000-000000002011', '20000000-0000-4000-8000-000000000002', 'electricity', 'monthly', 2026, 3, '2026-03-27', 1934, false, 'Current electricity reading from Excel 03/2026'),
  ('80000000-0000-4000-8000-000000000314', '30000000-0000-4000-8000-000000002011', '20000000-0000-4000-8000-000000000002', 'water', 'monthly', 2026, 3, '2026-03-27', 604, false, 'Current water reading from Excel 03/2026'),
  ('80000000-0000-4000-8000-000000000315', '30000000-0000-4000-8000-000000002012', '20000000-0000-4000-8000-000000000002', 'electricity', 'monthly', 2026, 3, '2026-03-27', 2771, false, 'Current electricity reading from Excel 03/2026'),
  ('80000000-0000-4000-8000-000000000316', '30000000-0000-4000-8000-000000002012', '20000000-0000-4000-8000-000000000002', 'water', 'monthly', 2026, 3, '2026-03-27', 390, false, 'Current water reading from Excel 03/2026'),
  ('80000000-0000-4000-8000-000000000317', '30000000-0000-4000-8000-000000002013', '20000000-0000-4000-8000-000000000002', 'electricity', 'monthly', 2026, 3, '2026-03-27', 4407, false, 'Current electricity reading from Excel 03/2026'),
  ('80000000-0000-4000-8000-000000000318', '30000000-0000-4000-8000-000000002013', '20000000-0000-4000-8000-000000000002', 'water', 'monthly', 2026, 3, '2026-03-27', 484, false, 'Current water reading from Excel 03/2026'),
  ('80000000-0000-4000-8000-000000000319', '30000000-0000-4000-8000-000000002014', '20000000-0000-4000-8000-000000000002', 'electricity', 'monthly', 2026, 3, '2026-03-27', 3787, false, 'Current electricity reading from Excel 03/2026'),
  ('80000000-0000-4000-8000-000000000320', '30000000-0000-4000-8000-000000002014', '20000000-0000-4000-8000-000000000002', 'water', 'monthly', 2026, 3, '2026-03-27', 505, false, 'Current water reading from Excel 03/2026'),
  ('80000000-0000-4000-8000-000000000321', '30000000-0000-4000-8000-000000002015', '20000000-0000-4000-8000-000000000002', 'electricity', 'monthly', 2026, 3, '2026-03-27', 10067, false, 'Current electricity reading from Excel 03/2026'),
  ('80000000-0000-4000-8000-000000000322', '30000000-0000-4000-8000-000000002015', '20000000-0000-4000-8000-000000000002', 'water', 'monthly', 2026, 3, '2026-03-27', 1336, false, 'Current water reading from Excel 03/2026'),
  ('80000000-0000-4000-8000-000000000323', '30000000-0000-4000-8000-000000002016', '20000000-0000-4000-8000-000000000002', 'electricity', 'monthly', 2026, 3, '2026-03-27', 7001, false, 'Current electricity reading from Excel 03/2026'),
  ('80000000-0000-4000-8000-000000000324', '30000000-0000-4000-8000-000000002016', '20000000-0000-4000-8000-000000000002', 'water', 'monthly', 2026, 3, '2026-03-27', 900, false, 'Current water reading from Excel 03/2026'),
  ('80000000-0000-4000-8000-000000000325', '30000000-0000-4000-8000-000000002001', '20000000-0000-4000-8000-000000000002', 'electricity', 'monthly', 2026, 4, '2026-04-27', 3502, false, 'Current electricity reading from Excel 04/2026'),
  ('80000000-0000-4000-8000-000000000326', '30000000-0000-4000-8000-000000002001', '20000000-0000-4000-8000-000000000002', 'water', 'monthly', 2026, 4, '2026-04-27', 502, false, 'Current water reading from Excel 04/2026'),
  ('80000000-0000-4000-8000-000000000327', '30000000-0000-4000-8000-000000002002', '20000000-0000-4000-8000-000000000002', 'electricity', 'monthly', 2026, 4, '2026-04-27', 3977, false, 'Current electricity reading from Excel 04/2026'),
  ('80000000-0000-4000-8000-000000000328', '30000000-0000-4000-8000-000000002002', '20000000-0000-4000-8000-000000000002', 'water', 'monthly', 2026, 4, '2026-04-27', 560, false, 'Current water reading from Excel 04/2026'),
  ('80000000-0000-4000-8000-000000000329', '30000000-0000-4000-8000-000000002003', '20000000-0000-4000-8000-000000000002', 'electricity', 'monthly', 2026, 4, '2026-04-27', 4563, false, 'Current electricity reading from Excel 04/2026'),
  ('80000000-0000-4000-8000-000000000330', '30000000-0000-4000-8000-000000002003', '20000000-0000-4000-8000-000000000002', 'water', 'monthly', 2026, 4, '2026-04-27', 453, false, 'Current water reading from Excel 04/2026'),
  ('80000000-0000-4000-8000-000000000331', '30000000-0000-4000-8000-000000002004', '20000000-0000-4000-8000-000000000002', 'electricity', 'monthly', 2026, 4, '2026-04-27', 1908, false, 'Current electricity reading from Excel 04/2026'),
  ('80000000-0000-4000-8000-000000000332', '30000000-0000-4000-8000-000000002004', '20000000-0000-4000-8000-000000000002', 'water', 'monthly', 2026, 4, '2026-04-27', 463, false, 'Current water reading from Excel 04/2026'),
  ('80000000-0000-4000-8000-000000000333', '30000000-0000-4000-8000-000000002005', '20000000-0000-4000-8000-000000000002', 'electricity', 'monthly', 2026, 4, '2026-04-27', 1897, false, 'Current electricity reading from Excel 04/2026'),
  ('80000000-0000-4000-8000-000000000334', '30000000-0000-4000-8000-000000002005', '20000000-0000-4000-8000-000000000002', 'water', 'monthly', 2026, 4, '2026-04-27', 334, false, 'Current water reading from Excel 04/2026'),
  ('80000000-0000-4000-8000-000000000335', '30000000-0000-4000-8000-000000002006', '20000000-0000-4000-8000-000000000002', 'electricity', 'monthly', 2026, 4, '2026-04-27', 1980, false, 'Current electricity reading from Excel 04/2026'),
  ('80000000-0000-4000-8000-000000000336', '30000000-0000-4000-8000-000000002006', '20000000-0000-4000-8000-000000000002', 'water', 'monthly', 2026, 4, '2026-04-27', 409, false, 'Current water reading from Excel 04/2026'),
  ('80000000-0000-4000-8000-000000000337', '30000000-0000-4000-8000-000000002007', '20000000-0000-4000-8000-000000000002', 'electricity', 'monthly', 2026, 4, '2026-04-27', 5960, false, 'Current electricity reading from Excel 04/2026'),
  ('80000000-0000-4000-8000-000000000338', '30000000-0000-4000-8000-000000002007', '20000000-0000-4000-8000-000000000002', 'water', 'monthly', 2026, 4, '2026-04-27', 841, false, 'Current water reading from Excel 04/2026'),
  ('80000000-0000-4000-8000-000000000339', '30000000-0000-4000-8000-000000002008', '20000000-0000-4000-8000-000000000002', 'electricity', 'monthly', 2026, 4, '2026-04-27', 6471, false, 'Current electricity reading from Excel 04/2026'),
  ('80000000-0000-4000-8000-000000000340', '30000000-0000-4000-8000-000000002008', '20000000-0000-4000-8000-000000000002', 'water', 'monthly', 2026, 4, '2026-04-27', 493, false, 'Current water reading from Excel 04/2026'),
  ('80000000-0000-4000-8000-000000000341', '30000000-0000-4000-8000-000000002009', '20000000-0000-4000-8000-000000000002', 'electricity', 'monthly', 2026, 4, '2026-04-27', 3274, false, 'Current electricity reading from Excel 04/2026'),
  ('80000000-0000-4000-8000-000000000342', '30000000-0000-4000-8000-000000002009', '20000000-0000-4000-8000-000000000002', 'water', 'monthly', 2026, 4, '2026-04-27', 527, false, 'Current water reading from Excel 04/2026'),
  ('80000000-0000-4000-8000-000000000343', '30000000-0000-4000-8000-000000002010', '20000000-0000-4000-8000-000000000002', 'electricity', 'monthly', 2026, 4, '2026-04-27', 3003, false, 'Current electricity reading from Excel 04/2026'),
  ('80000000-0000-4000-8000-000000000344', '30000000-0000-4000-8000-000000002010', '20000000-0000-4000-8000-000000000002', 'water', 'monthly', 2026, 4, '2026-04-27', 456, false, 'Current water reading from Excel 04/2026'),
  ('80000000-0000-4000-8000-000000000345', '30000000-0000-4000-8000-000000002011', '20000000-0000-4000-8000-000000000002', 'electricity', 'monthly', 2026, 4, '2026-04-27', 1963, false, 'Current electricity reading from Excel 04/2026'),
  ('80000000-0000-4000-8000-000000000346', '30000000-0000-4000-8000-000000002011', '20000000-0000-4000-8000-000000000002', 'water', 'monthly', 2026, 4, '2026-04-27', 615, false, 'Current water reading from Excel 04/2026'),
  ('80000000-0000-4000-8000-000000000347', '30000000-0000-4000-8000-000000002012', '20000000-0000-4000-8000-000000000002', 'electricity', 'monthly', 2026, 4, '2026-04-27', 2850, false, 'Current electricity reading from Excel 04/2026'),
  ('80000000-0000-4000-8000-000000000348', '30000000-0000-4000-8000-000000002012', '20000000-0000-4000-8000-000000000002', 'water', 'monthly', 2026, 4, '2026-04-27', 397, false, 'Current water reading from Excel 04/2026'),
  ('80000000-0000-4000-8000-000000000349', '30000000-0000-4000-8000-000000002013', '20000000-0000-4000-8000-000000000002', 'electricity', 'monthly', 2026, 4, '2026-04-27', 4436, false, 'Current electricity reading from Excel 04/2026'),
  ('80000000-0000-4000-8000-000000000350', '30000000-0000-4000-8000-000000002013', '20000000-0000-4000-8000-000000000002', 'water', 'monthly', 2026, 4, '2026-04-27', 488, false, 'Current water reading from Excel 04/2026'),
  ('80000000-0000-4000-8000-000000000351', '30000000-0000-4000-8000-000000002014', '20000000-0000-4000-8000-000000000002', 'electricity', 'monthly', 2026, 4, '2026-04-27', 3961, false, 'Current electricity reading from Excel 04/2026'),
  ('80000000-0000-4000-8000-000000000352', '30000000-0000-4000-8000-000000002014', '20000000-0000-4000-8000-000000000002', 'water', 'monthly', 2026, 4, '2026-04-27', 507, false, 'Current water reading from Excel 04/2026'),
  ('80000000-0000-4000-8000-000000000353', '30000000-0000-4000-8000-000000002015', '20000000-0000-4000-8000-000000000002', 'electricity', 'monthly', 2026, 4, '2026-04-27', 10319, false, 'Current electricity reading from Excel 04/2026'),
  ('80000000-0000-4000-8000-000000000354', '30000000-0000-4000-8000-000000002015', '20000000-0000-4000-8000-000000000002', 'water', 'monthly', 2026, 4, '2026-04-27', 1343, false, 'Current water reading from Excel 04/2026'),
  ('80000000-0000-4000-8000-000000000355', '30000000-0000-4000-8000-000000002016', '20000000-0000-4000-8000-000000000002', 'electricity', 'monthly', 2026, 4, '2026-04-27', 7087, false, 'Current electricity reading from Excel 04/2026'),
  ('80000000-0000-4000-8000-000000000356', '30000000-0000-4000-8000-000000002016', '20000000-0000-4000-8000-000000000002', 'water', 'monthly', 2026, 4, '2026-04-27', 909, false, 'Current water reading from Excel 04/2026'),
  ('80000000-0000-4000-8000-000000000357', '30000000-0000-4000-8000-000000002001', '20000000-0000-4000-8000-000000000002', 'electricity', 'monthly', 2026, 5, '2026-05-27', 3669, false, 'Current electricity reading from Excel 05/2026'),
  ('80000000-0000-4000-8000-000000000358', '30000000-0000-4000-8000-000000002001', '20000000-0000-4000-8000-000000000002', 'water', 'monthly', 2026, 5, '2026-05-27', 507, false, 'Current water reading from Excel 05/2026'),
  ('80000000-0000-4000-8000-000000000359', '30000000-0000-4000-8000-000000002002', '20000000-0000-4000-8000-000000000002', 'electricity', 'monthly', 2026, 5, '2026-05-27', 4067, false, 'Current electricity reading from Excel 05/2026'),
  ('80000000-0000-4000-8000-000000000360', '30000000-0000-4000-8000-000000002002', '20000000-0000-4000-8000-000000000002', 'water', 'monthly', 2026, 5, '2026-05-27', 584, false, 'Current water reading from Excel 05/2026'),
  ('80000000-0000-4000-8000-000000000361', '30000000-0000-4000-8000-000000002003', '20000000-0000-4000-8000-000000000002', 'electricity', 'monthly', 2026, 5, '2026-05-27', 4721, false, 'Current electricity reading from Excel 05/2026'),
  ('80000000-0000-4000-8000-000000000362', '30000000-0000-4000-8000-000000002003', '20000000-0000-4000-8000-000000000002', 'water', 'monthly', 2026, 5, '2026-05-27', 464, false, 'Current water reading from Excel 05/2026'),
  ('80000000-0000-4000-8000-000000000363', '30000000-0000-4000-8000-000000002004', '20000000-0000-4000-8000-000000000002', 'electricity', 'monthly', 2026, 5, '2026-05-27', 1941, false, 'Current electricity reading from Excel 05/2026'),
  ('80000000-0000-4000-8000-000000000364', '30000000-0000-4000-8000-000000002004', '20000000-0000-4000-8000-000000000002', 'water', 'monthly', 2026, 5, '2026-05-27', 471, false, 'Current water reading from Excel 05/2026'),
  ('80000000-0000-4000-8000-000000000365', '30000000-0000-4000-8000-000000002005', '20000000-0000-4000-8000-000000000002', 'electricity', 'monthly', 2026, 5, '2026-05-27', 1904, false, 'Current electricity reading from Excel 05/2026'),
  ('80000000-0000-4000-8000-000000000366', '30000000-0000-4000-8000-000000002005', '20000000-0000-4000-8000-000000000002', 'water', 'monthly', 2026, 5, '2026-05-27', 336, false, 'Current water reading from Excel 05/2026'),
  ('80000000-0000-4000-8000-000000000367', '30000000-0000-4000-8000-000000002006', '20000000-0000-4000-8000-000000000002', 'electricity', 'monthly', 2026, 5, '2026-05-27', 1995, false, 'Current electricity reading from Excel 05/2026'),
  ('80000000-0000-4000-8000-000000000368', '30000000-0000-4000-8000-000000002006', '20000000-0000-4000-8000-000000000002', 'water', 'monthly', 2026, 5, '2026-05-27', 410, false, 'Current water reading from Excel 05/2026'),
  ('80000000-0000-4000-8000-000000000369', '30000000-0000-4000-8000-000000002007', '20000000-0000-4000-8000-000000000002', 'electricity', 'monthly', 2026, 5, '2026-05-27', 5979, false, 'Current electricity reading from Excel 05/2026'),
  ('80000000-0000-4000-8000-000000000370', '30000000-0000-4000-8000-000000002007', '20000000-0000-4000-8000-000000000002', 'water', 'monthly', 2026, 5, '2026-05-27', 843, false, 'Current water reading from Excel 05/2026'),
  ('80000000-0000-4000-8000-000000000371', '30000000-0000-4000-8000-000000002008', '20000000-0000-4000-8000-000000000002', 'electricity', 'monthly', 2026, 5, '2026-05-27', 6524, false, 'Current electricity reading from Excel 05/2026'),
  ('80000000-0000-4000-8000-000000000372', '30000000-0000-4000-8000-000000002008', '20000000-0000-4000-8000-000000000002', 'water', 'monthly', 2026, 5, '2026-05-27', 508, false, 'Current water reading from Excel 05/2026'),
  ('80000000-0000-4000-8000-000000000373', '30000000-0000-4000-8000-000000002009', '20000000-0000-4000-8000-000000000002', 'electricity', 'monthly', 2026, 5, '2026-05-27', 3335, false, 'Current electricity reading from Excel 05/2026'),
  ('80000000-0000-4000-8000-000000000374', '30000000-0000-4000-8000-000000002009', '20000000-0000-4000-8000-000000000002', 'water', 'monthly', 2026, 5, '2026-05-27', 538, false, 'Current water reading from Excel 05/2026'),
  ('80000000-0000-4000-8000-000000000375', '30000000-0000-4000-8000-000000002010', '20000000-0000-4000-8000-000000000002', 'electricity', 'monthly', 2026, 5, '2026-05-27', 3029, false, 'Current electricity reading from Excel 05/2026'),
  ('80000000-0000-4000-8000-000000000376', '30000000-0000-4000-8000-000000002010', '20000000-0000-4000-8000-000000000002', 'water', 'monthly', 2026, 5, '2026-05-27', 464, false, 'Current water reading from Excel 05/2026'),
  ('80000000-0000-4000-8000-000000000377', '30000000-0000-4000-8000-000000002011', '20000000-0000-4000-8000-000000000002', 'electricity', 'monthly', 2026, 5, '2026-05-27', 1998, false, 'Current electricity reading from Excel 05/2026'),
  ('80000000-0000-4000-8000-000000000378', '30000000-0000-4000-8000-000000002011', '20000000-0000-4000-8000-000000000002', 'water', 'monthly', 2026, 5, '2026-05-27', 626, false, 'Current water reading from Excel 05/2026'),
  ('80000000-0000-4000-8000-000000000379', '30000000-0000-4000-8000-000000002012', '20000000-0000-4000-8000-000000000002', 'electricity', 'monthly', 2026, 5, '2026-05-27', 2957, false, 'Current electricity reading from Excel 05/2026'),
  ('80000000-0000-4000-8000-000000000380', '30000000-0000-4000-8000-000000002012', '20000000-0000-4000-8000-000000000002', 'water', 'monthly', 2026, 5, '2026-05-27', 401, false, 'Current water reading from Excel 05/2026'),
  ('80000000-0000-4000-8000-000000000381', '30000000-0000-4000-8000-000000002013', '20000000-0000-4000-8000-000000000002', 'electricity', 'monthly', 2026, 5, '2026-05-27', 4459, false, 'Current electricity reading from Excel 05/2026'),
  ('80000000-0000-4000-8000-000000000382', '30000000-0000-4000-8000-000000002013', '20000000-0000-4000-8000-000000000002', 'water', 'monthly', 2026, 5, '2026-05-27', 493, false, 'Current water reading from Excel 05/2026'),
  ('80000000-0000-4000-8000-000000000383', '30000000-0000-4000-8000-000000002014', '20000000-0000-4000-8000-000000000002', 'electricity', 'monthly', 2026, 5, '2026-05-27', 4215, false, 'Current electricity reading from Excel 05/2026'),
  ('80000000-0000-4000-8000-000000000384', '30000000-0000-4000-8000-000000002014', '20000000-0000-4000-8000-000000000002', 'water', 'monthly', 2026, 5, '2026-05-27', 511, false, 'Current water reading from Excel 05/2026'),
  ('80000000-0000-4000-8000-000000000385', '30000000-0000-4000-8000-000000002015', '20000000-0000-4000-8000-000000000002', 'electricity', 'monthly', 2026, 5, '2026-05-27', 10587, false, 'Current electricity reading from Excel 05/2026'),
  ('80000000-0000-4000-8000-000000000386', '30000000-0000-4000-8000-000000002015', '20000000-0000-4000-8000-000000000002', 'water', 'monthly', 2026, 5, '2026-05-27', 1352, false, 'Current water reading from Excel 05/2026'),
  ('80000000-0000-4000-8000-000000000387', '30000000-0000-4000-8000-000000002016', '20000000-0000-4000-8000-000000000002', 'electricity', 'monthly', 2026, 5, '2026-05-27', 7120, false, 'Current electricity reading from Excel 05/2026'),
  ('80000000-0000-4000-8000-000000000388', '30000000-0000-4000-8000-000000002016', '20000000-0000-4000-8000-000000000002', 'water', 'monthly', 2026, 5, '2026-05-27', 921, false, 'Current water reading from Excel 05/2026'),
  ('80000000-0000-4000-8000-000000000389', '30000000-0000-4000-8000-000000002001', '20000000-0000-4000-8000-000000000002', 'electricity', 'monthly', 2026, 6, '2026-06-27', 3823, false, 'Current electricity reading from Excel 06/2026'),
  ('80000000-0000-4000-8000-000000000390', '30000000-0000-4000-8000-000000002001', '20000000-0000-4000-8000-000000000002', 'water', 'monthly', 2026, 6, '2026-06-27', 511, false, 'Current water reading from Excel 06/2026'),
  ('80000000-0000-4000-8000-000000000391', '30000000-0000-4000-8000-000000002002', '20000000-0000-4000-8000-000000000002', 'electricity', 'monthly', 2026, 6, '2026-06-27', 4140, false, 'Current electricity reading from Excel 06/2026'),
  ('80000000-0000-4000-8000-000000000392', '30000000-0000-4000-8000-000000002002', '20000000-0000-4000-8000-000000000002', 'water', 'monthly', 2026, 6, '2026-06-27', 596, false, 'Current water reading from Excel 06/2026'),
  ('80000000-0000-4000-8000-000000000393', '30000000-0000-4000-8000-000000002003', '20000000-0000-4000-8000-000000000002', 'electricity', 'monthly', 2026, 6, '2026-06-27', 4881, false, 'Current electricity reading from Excel 06/2026'),
  ('80000000-0000-4000-8000-000000000394', '30000000-0000-4000-8000-000000002003', '20000000-0000-4000-8000-000000000002', 'water', 'monthly', 2026, 6, '2026-06-27', 474, false, 'Current water reading from Excel 06/2026'),
  ('80000000-0000-4000-8000-000000000395', '30000000-0000-4000-8000-000000002004', '20000000-0000-4000-8000-000000000002', 'electricity', 'monthly', 2026, 6, '2026-06-27', 2016, false, 'Current electricity reading from Excel 06/2026'),
  ('80000000-0000-4000-8000-000000000396', '30000000-0000-4000-8000-000000002004', '20000000-0000-4000-8000-000000000002', 'water', 'monthly', 2026, 6, '2026-06-27', 483, false, 'Current water reading from Excel 06/2026'),
  ('80000000-0000-4000-8000-000000000397', '30000000-0000-4000-8000-000000002005', '20000000-0000-4000-8000-000000000002', 'electricity', 'monthly', 2026, 6, '2026-06-27', 1933, false, 'Current electricity reading from Excel 06/2026'),
  ('80000000-0000-4000-8000-000000000398', '30000000-0000-4000-8000-000000002005', '20000000-0000-4000-8000-000000000002', 'water', 'monthly', 2026, 6, '2026-06-27', 346, false, 'Current water reading from Excel 06/2026'),
  ('80000000-0000-4000-8000-000000000399', '30000000-0000-4000-8000-000000002006', '20000000-0000-4000-8000-000000000002', 'electricity', 'monthly', 2026, 6, '2026-06-27', 2011, false, 'Current electricity reading from Excel 06/2026'),
  ('80000000-0000-4000-8000-000000000400', '30000000-0000-4000-8000-000000002006', '20000000-0000-4000-8000-000000000002', 'water', 'monthly', 2026, 6, '2026-06-27', 413, false, 'Current water reading from Excel 06/2026'),
  ('80000000-0000-4000-8000-000000000401', '30000000-0000-4000-8000-000000002007', '20000000-0000-4000-8000-000000000002', 'electricity', 'monthly', 2026, 6, '2026-06-27', 5996, false, 'Current electricity reading from Excel 06/2026'),
  ('80000000-0000-4000-8000-000000000402', '30000000-0000-4000-8000-000000002007', '20000000-0000-4000-8000-000000000002', 'water', 'monthly', 2026, 6, '2026-06-27', 845, false, 'Current water reading from Excel 06/2026'),
  ('80000000-0000-4000-8000-000000000403', '30000000-0000-4000-8000-000000002008', '20000000-0000-4000-8000-000000000002', 'electricity', 'monthly', 2026, 6, '2026-06-27', 6565, false, 'Current electricity reading from Excel 06/2026'),
  ('80000000-0000-4000-8000-000000000404', '30000000-0000-4000-8000-000000002008', '20000000-0000-4000-8000-000000000002', 'water', 'monthly', 2026, 6, '2026-06-27', 516, false, 'Current water reading from Excel 06/2026'),
  ('80000000-0000-4000-8000-000000000405', '30000000-0000-4000-8000-000000002009', '20000000-0000-4000-8000-000000000002', 'electricity', 'monthly', 2026, 6, '2026-06-27', 3385, false, 'Current electricity reading from Excel 06/2026'),
  ('80000000-0000-4000-8000-000000000406', '30000000-0000-4000-8000-000000002009', '20000000-0000-4000-8000-000000000002', 'water', 'monthly', 2026, 6, '2026-06-27', 549, false, 'Current water reading from Excel 06/2026'),
  ('80000000-0000-4000-8000-000000000407', '30000000-0000-4000-8000-000000002010', '20000000-0000-4000-8000-000000000002', 'electricity', 'monthly', 2026, 6, '2026-06-27', 3056, false, 'Current electricity reading from Excel 06/2026'),
  ('80000000-0000-4000-8000-000000000408', '30000000-0000-4000-8000-000000002010', '20000000-0000-4000-8000-000000000002', 'water', 'monthly', 2026, 6, '2026-06-27', 472, false, 'Current water reading from Excel 06/2026'),
  ('80000000-0000-4000-8000-000000000409', '30000000-0000-4000-8000-000000002011', '20000000-0000-4000-8000-000000000002', 'electricity', 'monthly', 2026, 6, '2026-06-27', 2033, false, 'Current electricity reading from Excel 06/2026'),
  ('80000000-0000-4000-8000-000000000410', '30000000-0000-4000-8000-000000002011', '20000000-0000-4000-8000-000000000002', 'water', 'monthly', 2026, 6, '2026-06-27', 641, false, 'Current water reading from Excel 06/2026'),
  ('80000000-0000-4000-8000-000000000411', '30000000-0000-4000-8000-000000002012', '20000000-0000-4000-8000-000000000002', 'electricity', 'monthly', 2026, 6, '2026-06-27', 3088, false, 'Current electricity reading from Excel 06/2026'),
  ('80000000-0000-4000-8000-000000000412', '30000000-0000-4000-8000-000000002012', '20000000-0000-4000-8000-000000000002', 'water', 'monthly', 2026, 6, '2026-06-27', 407, false, 'Current water reading from Excel 06/2026'),
  ('80000000-0000-4000-8000-000000000413', '30000000-0000-4000-8000-000000002013', '20000000-0000-4000-8000-000000000002', 'electricity', 'monthly', 2026, 6, '2026-06-27', 4489, false, 'Current electricity reading from Excel 06/2026'),
  ('80000000-0000-4000-8000-000000000414', '30000000-0000-4000-8000-000000002013', '20000000-0000-4000-8000-000000000002', 'water', 'monthly', 2026, 6, '2026-06-27', 496, false, 'Current water reading from Excel 06/2026'),
  ('80000000-0000-4000-8000-000000000415', '30000000-0000-4000-8000-000000002014', '20000000-0000-4000-8000-000000000002', 'electricity', 'monthly', 2026, 6, '2026-06-27', 4345, false, 'Current electricity reading from Excel 06/2026'),
  ('80000000-0000-4000-8000-000000000416', '30000000-0000-4000-8000-000000002014', '20000000-0000-4000-8000-000000000002', 'water', 'monthly', 2026, 6, '2026-06-27', 516, false, 'Current water reading from Excel 06/2026'),
  ('80000000-0000-4000-8000-000000000417', '30000000-0000-4000-8000-000000002015', '20000000-0000-4000-8000-000000000002', 'electricity', 'monthly', 2026, 6, '2026-06-27', 10857, false, 'Current electricity reading from Excel 06/2026'),
  ('80000000-0000-4000-8000-000000000418', '30000000-0000-4000-8000-000000002015', '20000000-0000-4000-8000-000000000002', 'water', 'monthly', 2026, 6, '2026-06-27', 1363, false, 'Current water reading from Excel 06/2026'),
  ('80000000-0000-4000-8000-000000000419', '30000000-0000-4000-8000-000000002016', '20000000-0000-4000-8000-000000000002', 'electricity', 'monthly', 2026, 6, '2026-06-27', 7256, false, 'Current electricity reading from Excel 06/2026'),
  ('80000000-0000-4000-8000-000000000420', '30000000-0000-4000-8000-000000002016', '20000000-0000-4000-8000-000000000002', 'water', 'monthly', 2026, 6, '2026-06-27', 931, false, 'Current water reading from Excel 06/2026');

-- -----------------------------------------------------------------------------
-- Billing periods
-- -----------------------------------------------------------------------------
INSERT INTO public.billing_periods (id, building_id, period_year, period_month, status)
VALUES
  ('90000000-0000-4000-8000-000000000101', '20000000-0000-4000-8000-000000000001', 2026, 1, 'review'),
  ('90000000-0000-4000-8000-000000000102', '20000000-0000-4000-8000-000000000001', 2026, 2, 'review'),
  ('90000000-0000-4000-8000-000000000103', '20000000-0000-4000-8000-000000000001', 2026, 3, 'review'),
  ('90000000-0000-4000-8000-000000000104', '20000000-0000-4000-8000-000000000001', 2026, 4, 'review'),
  ('90000000-0000-4000-8000-000000000105', '20000000-0000-4000-8000-000000000001', 2026, 5, 'review'),
  ('90000000-0000-4000-8000-000000000106', '20000000-0000-4000-8000-000000000001', 2026, 6, 'review'),
  ('90000000-0000-4000-8000-000000000201', '20000000-0000-4000-8000-000000000002', 2026, 1, 'review'),
  ('90000000-0000-4000-8000-000000000202', '20000000-0000-4000-8000-000000000002', 2026, 2, 'review'),
  ('90000000-0000-4000-8000-000000000203', '20000000-0000-4000-8000-000000000002', 2026, 3, 'review'),
  ('90000000-0000-4000-8000-000000000204', '20000000-0000-4000-8000-000000000002', 2026, 4, 'review'),
  ('90000000-0000-4000-8000-000000000205', '20000000-0000-4000-8000-000000000002', 2026, 5, 'review'),
  ('90000000-0000-4000-8000-000000000206', '20000000-0000-4000-8000-000000000002', 2026, 6, 'review');

-- -----------------------------------------------------------------------------
-- Billing audit events
-- -----------------------------------------------------------------------------
INSERT INTO public.billing_audit_events (id, billing_period_id, action, entity_type, entity_id, metadata)
VALUES
  ('91000000-0000-4000-8000-000000000101', '90000000-0000-4000-8000-000000000101', 'period_opened', 'billing_period', '90000000-0000-4000-8000-000000000101', '{"source":"excel_seed","period":"2026-01"}'::jsonb),
  ('91000000-0000-4000-8000-000000000102', '90000000-0000-4000-8000-000000000102', 'period_opened', 'billing_period', '90000000-0000-4000-8000-000000000102', '{"source":"excel_seed","period":"2026-02"}'::jsonb),
  ('91000000-0000-4000-8000-000000000103', '90000000-0000-4000-8000-000000000103', 'period_opened', 'billing_period', '90000000-0000-4000-8000-000000000103', '{"source":"excel_seed","period":"2026-03"}'::jsonb),
  ('91000000-0000-4000-8000-000000000104', '90000000-0000-4000-8000-000000000104', 'period_opened', 'billing_period', '90000000-0000-4000-8000-000000000104', '{"source":"excel_seed","period":"2026-04"}'::jsonb),
  ('91000000-0000-4000-8000-000000000105', '90000000-0000-4000-8000-000000000105', 'period_opened', 'billing_period', '90000000-0000-4000-8000-000000000105', '{"source":"excel_seed","period":"2026-05"}'::jsonb),
  ('91000000-0000-4000-8000-000000000106', '90000000-0000-4000-8000-000000000106', 'period_opened', 'billing_period', '90000000-0000-4000-8000-000000000106', '{"source":"excel_seed","period":"2026-06"}'::jsonb),
  ('91000000-0000-4000-8000-000000000201', '90000000-0000-4000-8000-000000000201', 'period_opened', 'billing_period', '90000000-0000-4000-8000-000000000201', '{"source":"excel_seed","period":"2026-01"}'::jsonb),
  ('91000000-0000-4000-8000-000000000202', '90000000-0000-4000-8000-000000000202', 'period_opened', 'billing_period', '90000000-0000-4000-8000-000000000202', '{"source":"excel_seed","period":"2026-02"}'::jsonb),
  ('91000000-0000-4000-8000-000000000203', '90000000-0000-4000-8000-000000000203', 'period_opened', 'billing_period', '90000000-0000-4000-8000-000000000203', '{"source":"excel_seed","period":"2026-03"}'::jsonb),
  ('91000000-0000-4000-8000-000000000204', '90000000-0000-4000-8000-000000000204', 'period_opened', 'billing_period', '90000000-0000-4000-8000-000000000204', '{"source":"excel_seed","period":"2026-04"}'::jsonb),
  ('91000000-0000-4000-8000-000000000205', '90000000-0000-4000-8000-000000000205', 'period_opened', 'billing_period', '90000000-0000-4000-8000-000000000205', '{"source":"excel_seed","period":"2026-05"}'::jsonb),
  ('91000000-0000-4000-8000-000000000206', '90000000-0000-4000-8000-000000000206', 'period_opened', 'billing_period', '90000000-0000-4000-8000-000000000206', '{"source":"excel_seed","period":"2026-06"}'::jsonb);

-- -----------------------------------------------------------------------------
-- Post-seed counts
-- -----------------------------------------------------------------------------
SELECT table_name, row_count
FROM (
  SELECT 'buildings' AS table_name, COUNT(*) AS row_count FROM public.buildings
  UNION ALL SELECT 'rooms', COUNT(*) FROM public.rooms
  UNION ALL SELECT 'tenants', COUNT(*) FROM public.tenants
  UNION ALL SELECT 'contracts', COUNT(*) FROM public.contracts
  UNION ALL SELECT 'contract_occupants', COUNT(*) FROM public.contract_occupants
  UNION ALL SELECT 'building_services', COUNT(*) FROM public.building_services
  UNION ALL SELECT 'contract_services', COUNT(*) FROM public.contract_services
  UNION ALL SELECT 'contract_payments', COUNT(*) FROM public.contract_payments
  UNION ALL SELECT 'meter_readings', COUNT(*) FROM public.meter_readings
  UNION ALL SELECT 'billing_periods', COUNT(*) FROM public.billing_periods
  UNION ALL SELECT 'billing_audit_events', COUNT(*) FROM public.billing_audit_events
  UNION ALL SELECT 'service_catalog', COUNT(*) FROM public.service_catalog
) counts
ORDER BY table_name;

COMMIT;
